Est. #,Project Name,Project Description,Street Address,City,State,Local,SQ. FT.,Project Type,Bid Type,Design Type,Estimator,DEPT,Div.,Bid Date, Base Bid ,Alt. #1,Alt #2,Alt. #3,Alt #4,Alt. #5,Alt #6,Overhead,Profit,MU $ Bid,Bid Status,Probability,Projection,Start Date,Comp. Date,Award Date,Job #,Contract $,MU $ Contract,GC Awarded,GC Awarded Est./PM.,GC #1,GC #1 Est./PM.,GC #2,GC #2 Est./PM.,GC #3,GC #3 Est./PM.,GC #4,GC #4 Est./PM.,GC #5,GC #5 Est./PM.,EC #1, EC #1 $ ,EC #2, EC #2 $ ,EC #3, EC #3 $ ,EC #4, EC #4 $ ,EC #5, EC #5 $ ,EC #6, EC #6 $ ,Bid Results Comments
14-001,Hull & Company,Tenant Improvement,18401 Von Karman Ste 150,Irvine,CA, 11 LA ,, TI , Competitive , Engineered , Frank , Est. , CA ,9/1/2013," $40,646 "," $34,053 "," $1,236 ",,,,,,,,Unknown,30%, $- ,,,,,,,,,2H Construction,Michelle Conradi,,,,,,,,,,,,,,,,,,,,,
14-002,Hoag 2-Sough confrence and Admin,Tenant Improvement,1 Hoag Dr.,Newport Beach,CA, 441 OC ,, Hospital , Select Bid List , Engineered , Frank , Est. , CA ,9/5/2013," $121,456 "," $15,932 ",,,,,,,,,Lost,30%, $- ,,,,,,,,,Miles & Kelly,,Whiting Turner,,KPRS,,,,,,Ironwood,,,,,,,,,,,,
14-003,"Quest Generator, San Clement",Emergency Generator Install,1311 Calle Batido,San Clement,CA, 441 OC ,, TI , Budget , Design/Build , Frank , Est. , CA ,9/3/2013," $34,495 "," $10,988 "," $111,670 ",,,,,,,,Lost,50%, $- ,,,,,,,,,HBC,Jim Scarpinato,,,,,,,,,,,,,,,,,,,,,
14-004,LA VA Hospital Data Conduit,Conduit for data cable for Phillips system,,Los Angeles,CA, 11 LA ,, Hospital , Negotiated , Design/ Assist , Doyle , Est. , CA ,9/19/2013," $244,570 ",,,,,,,,,,Awarded,100%, $- ,,,,,,,,,Briggs Datacom,Kevin Gomez,,,,,,,,,,,,,,,,,,,,,
14-005,HHC HB MOB 2nd & 3rd Floor Tenant Improvement,Tenant Improvement,,Huntington Beach,CA, 441 OC ,, TI , Competitive , Engineered , Frank , Est. , CA ,9/11/2013," $640,200 ",,,,,,,,,,Awarded,, $- ,,,,,,,,,Hensel Phelps,,,,,,,,,,,,,,,,,,,,,,
14-006,Thales MG spare addition,Add 35KVA 400hz MG ,48 Discovery,Irvine,CA, 441 OC ,, TI , Select Bid List , Design/Build , Doyle , S.P. , CA ,9/10/2013," $15,330 ",,,,,,,,,,Awarded,100%, $- ,,,,,,,,,Thales,Tim Gray,,,,,,,,,,,,,,,,,,,,,
14-007,EMC2 Whips for new equipment,Add 36 new whips,2201 Dupont,Irvine,CA, 441 OC ,, TI , Negotiated , Design/Build , Doyle , S.P. , CA ,9/10/2013," $5,462 ",,,,,,,,,,Awarded,100%, $- ,,,,,,,EMC2,Miguel Pena,EMC2,Miguel Pena,,,,,,,,,,,,,,,,,,,,,
14-008,Thales Temp Genset connection,1200 amp gear with tap box,58 Discovery,Irvine,CA, 441 OC ,, TI , Select Bid List , Design/Build , Doyle , S.P. , CA ,9/10/2013," $83,980 ",,,,,,,,,,Awarded,100%, $- ,,,,,,,,,Thales,Tim Gray,,,,,,,,,,,,,,,,,,,,,
14-009,OCC replace lamps in house construction area,Replace 1000 watt MH lamps,Fairview,Costa Mesa,CA, 441 OC ,, Site , Select Bid List , Design/Build , Doyle , S.P. , CA ,9/10/2013," $8,180 ",,,,,,,,,,Awarded,100%, $- ,,,,,,,,,OCC,Randy Key,,,,,,,,,,,,,,,,,,,,,
14-010,Chapman Power for Auto door at Kennedy Law Center,Power for auto door at Kennedy entry,1 University,Orange,CA, 441 OC ,, TI , Select Bid List , Design/Build , Doyle , S.P. , CA ,9/10/2013," $2,620 ",,,,,,,,,,Lost,0%, $- ,,,,,,,,,Chapman ,Ed Blatchford,,,,,,,,,,,,,,,,,,,,,
14-011,VA Loma Linda Data conduit for Phillips system with Datacom,Conduit for data cable for Phillips system,11201 Benton St.,Loma Linda,CA, 11 LA ,, Hospital , Negotiated , Design/Build , Doyle , S.P. , CA ,9/10/2013," $115,000 ",,,,,,,,,,Awarded,98%, $- ,,,,,,,Briggs Datacom,Kevin Gomez,Briggs Datacom,Kevin Gomez,,,,,,,,,,,,,,,,,,,,,
14-012,Loma Linda Staff & Student Entrance Cosmetic Upgrade,Cooridor upgrade,,Loma Linda,CA, 11 LA ,, Hospital , Competitive , Engineered , Doyle , S.P. , CA ,9/12/2013," $25,800 ",,,,,,,,,,Awarded,100%, $- ,,,,,,,,,BSD,,,,,,,,,,,,,,,,,,,,,,
14-013,HHI RAD exam room,Tenant Improvement,16200 Sand Canyon Ave,Irvine,CA, 441 OC ,, Hospital , Select Bid List , Engineered , Bill , P.M. , CA ,9/13/2013," $8,350 ",,,,,,,,,,Awarded,100%, $- ,,,,,,,,,,,,,,,,,,,,,,,,,,,,,,,
14-014,Epson Long Beach 3rd floor printer circuits,move 6 and add 6 outlets S series printers,Kilroy Drive,Long Beach,CA, 441 OC ,, TI , Select Bid List , Design/Build , Doyle , S.P. , CA ,9/17/2013," $7,800 "," $5,850 "," $14,850 ",,,,,,,,Not Built,2%, $- ,,,,,,,,,HBC,Jim Scarpinato,,,,,,,,,,,,,,,,,,,,,
14-015,Spacex Parking Structure,New paring structure,1 Rocket Road,Hawthorne,CA, 11 LA ," 912,840 ", Parking Structure , Budget , Engineered , Rudy , Est. , CA ,9/5/2013," $2,683,900 "," $98,625 ",,,,,,,,,Not Built,, $- ,,,,,,,,,,,,,,,,,,,,,,,,,,,,,,,
14-016,Zodiac Aerospace,,17311 Nichols Lane,Huntington Beach,CA, 441 OC ,, Comercial , Select Bid List , Engineered , Frank , Est. , CA ,9/1/2013, $- ,,,,,,,,,,Not Bid,20%, $- ,,,,,,,,,HBC,Jim / Greg,,,,,,,,,,,,,,,,,,,,,
14-017,Lido Cell Service for Basement,Install cell repeater for basement,351 Hospital Road,Newport Beach,CA, 441 OC ,, TI , Select Bid List , Design/Build , Doyle , S.P. , CA ,9/17/2013," $9,750 ",,,,,,,,,,Awarded,100%, $- ,,,,,,,,,Newport Lido,Madonna Molinari,,,,,,,,,,,,,,,,,,,,,
14-018,Kaiser MOB Breeze Way Addition,Tenant Improvement,1900 E. Lambert Road,Brea,CA, 441 OC ,, TI , Competitive , Engineered , Frank , Est. , CA ,9/19/2013," $24,074 ",,,,,,,,,,Awarded,30%, $- ,,,,,,,Questar,Steve Logan,Layton Const.,Tom Bethman,Questar,Steve Logan,KCS,Aham N,,,,,,,,,,,,,,,,,
14-019,Thales 51Discovery Demo,TI Demo,51 Discovery,Irvine,CA, 441 OC ," 5,790 ", TI , Select Bid List , Design/Build , Doyle , S.P. , CA ,9/19/2013," $1,800 ",,,,,,,,,,Lost,0%, $- ,,,,,,,,,Turelk,Craid Powel,,,,,,,,,,,,,,,,,,,,,
14-020,Telepacific new circuits to racks,New circuits for rack C02.06,72 Corporate Park,Irvine,CA, 441 OC ,, TI , Select Bid List , Design/Build , Doyle , S.P. , CA ,9/19/2013," $1,200 ",,,,,,,,,,Awarded,100%, $- ,,,,,,,Telepacific,Pat Johnson,Telepacific,Pat Johnson,,,,,,,,,,,,,,,,,,,,,
14-021,UCI Desk Power Budget,Power for desk in 5 rooms,Campus and Jamboree,Irvine,CA, 441 OC ,, TI , Budget , Design/Build , Doyle , S.P. , CA ,9/20/2013," $49,660 ",,,,,,,,,,Unknown,0%, $- ,,,,,,,,,,,,,,,,,,,,,,,,,,,,,,,
14-022,DeGraw new panel,Replace FPE panel,847 W. 16th,Newport Beach,CA, 441 OC ,, TI , Negotiated , Design/Build , Doyle , S.P. , CA ,9/20/2013, $- ,,,,,,,,,,Not Bid,, $- ,,,,,,,,,,,,,,,,,,,,,,,,,,,,,,,
14-023,First American Generator Breaker Service,Sevice 8 3200 amp switches,9 First American Way,Santa Ana,CA, 441 OC ,, TI , Select Bid List , Design/Build , Doyle , S.P. , CA ,9/19/2013," $9,800 ",,,,,,,,,,Not Built,2%, $- ,,,,,,,,,Core Logic,Nick A.,,,,,,,,,,,,,,,,,,,,,
14-024,"4000 MacArthur, Site Renovations",Site Lighting and landscape Upgrade,4000 MacArthur Blvd,Newport Beach,CA, 441 OC ,, Site , Select Bid List , Design/Build , Frank , Est. , CA ,9/26/2013," $464,848 ",,,,,,,,,,Lost,30%, $- ,,,,,,,,,McCarthy,Joel Nasers,,,,,,,,,,,,,,,,,,,,,
14-025,Blizard Restack,,,Irvine,CA, 441 OC ," 15,000 ", TI , Select Bid List , Engineered , Rudy , Est. , CA ,10/1/2013," $138,430 ",,,,,,,,,,Awarded,, $- ,,,,,,,HBC,Nima N,HBC,,,,,,,,,,,,,,,,,,,,,,
14-026,Tustin Nissan Showroom,Showroom improvements,86 Auto Center Drive,Tustin,CA, 441 OC ,, TI , Select Bid List , Engineered , Rudy , Est. , CA ,10/1/2013," $70,990 ",,,,,,,,,,Lost,, $- ,,,,,,,,,,,,,,,,,,,,,,,,,,,,,,,
14-027,Fuel Dock Store Panel replacement,Replace panel and outlets,406 South Bay Front,Balboa Island,CA, 441 OC ,, TI , Select Bid List , Design/Build , Doyle , S.P. , CA ,9/27/2013," $4,791 ",,,,,,,,,,Lost,50%, $- ,,,,,,,,,Island Fuel,David Beek,,,,,,,,,,,,,,,,,,,,,
14-028,BIO RAD Bld 9500 add work for HBC,Work in plazma and auto clave room,9500 Jeronimo Road,Irvine,CA, 441 OC ,, TI , Select Bid List , Design/Build , Doyle , S.P. , CA ,10/1/2013," $4,380 ",,,,,,,,,,Awarded,100%, $- ,,,,,,,HBC,Jim Scarpinato,HBC,Jim Scarpinato,,,,,,,,,,,,,,,,,,,,,
14-029,Time Warner new outlets for cubicles,Add outlets per customer,185 E. Alder,Brea,CA, 441 OC ,, TI , Select Bid List , Design/Build , Doyle , S.P. , CA ,10/1/2013, $745 ,,,,,,,,,,Awarded,100%, $- ,,,,,,,Time Warner,CeCe Vales,Time Warner,CeCe Vales,,,,,,,,,,,,,,,,,,,,,
14-030,Bbraun replace control panel for CoGen #2,R&R for Cogen 2 control panel,2525 McGaw,Irvine,CA, 441 OC ,, Comercial , Select Bid List , Design/Build , Doyle , S.P. , CA ,10/1/2013," $11,940 ",,,,,,,,,,Awarded,100%, $- ,,,,,,,Bbraun,Bob Panza,Bbraun,Bob Panza,,,,,,,,,,,,,,,,,,,,,
14-031,Hoag SPD Renovations,,1 Hoag Dr.,Newport Beach,CA, 441 OC ,, Hospital , Select Bid List , Engineered , Rudy , Est. , CA ,10/10/2013," $226,750 ",,,,,,,,,,Not Built,, $- ,,,,,,,,,,,,,,,,,,,,,,,,,,,,,,,
14-032,Metro ROC,FA upgrade,2000 East Imperial Highway,Los Angeles,CA, 11 LA ,, Fire Alarm , Select Bid List , Engineered , Rudy , Est. , CA ,10/10/2013," $22,300 ",,,,,,,,,,Lost,, $- ,,,,,,,,,,,,,,,,,,,,,,,,,,,,,,,
14-033,"Thales 51 Discovery, Suite 250",Tenant Improvement,51 Discovery,Irvine,CA, 441 OC ," 5,790 ", TI , Competitive , Engineered , Frank , Est. , CA ,10/11/2013," $193,836 "," $1,800 "," $1,561 ",,,,,,,,Lost,50%, $- ,,,,,,,,,Turelk,Craig Powel,,,,,,,,,,,,,,,,,,,,,
14-034,Easvale San Antonio Medica Plaza Bldg,Corre & Shell MOB,12442 Limonite Ave,Easvale,CA, 440 RS ," 40,554 ", Shell , Select Bid List , Engineered , Rudy , Est. , CA ,10/16/2013," $493,420 ",,,,,,,,,,Lost,10%, $- ,,,,,,,,,Lusardi,Mark Smith,,,,,,,,,,,,,,,,,,,,,
14-035,Neutrogenia MCC Platform,Tenant Improvement,5755 96th Street,Los Angeles,CA, 11 LA ,, Industrial , Select Bid List , Engineered , Frank , Est. , CA ,10/15/2013," $326,449 ",,,,,,,,,,Lost,10%, $- ,,,,,,,,,Cannon,Tim Cannon,,,,,,,,,,,,,,,,,,,,,
14-036,E13-122 Neutrogenia Electrical Sub-Station,5kV Sub Station Install,5755 96th Street,Los Angeles,CA, 11 LA ,, Industrial , Select Bid List , Engineered , Frank , Est. , CA ,10/21/2013, $- ,,,,,,,,,,Not Bid,10%, $- ,,,,,,,,,Cannon,Tim Cannon,,,,,,,,,,,,,,,,,,,,,
14-037,TWC Disconnect UPS and Genset,Disconnect UPS,303 W. Palm Ave,Orange,CA, 441 OC ,, TI , Select Bid List , Design/Build , Doyle , S.P. , CA ,10/7/2013, $600 ,,,,,,,,,,Awarded,100%, $- ,,,,,,,,,,,,,,,,,,,,,,,,,,,,,,,
14-038,Hoag Fire Alarm Selective Evacuation,Fire Alarm conduit & boxes,One Hoag Drive,Newport Beach,CA, 441 OC ,, Hospital , Select Bid List , Design/Build , Bill , P.M. , CA ,10/8/2013," $22,663 ",,,,,,,,,,Awarded,100%, $- ,,,,,,,,,,,,,,,,,,,,,,,,,,,,,,,
14-039,"Acralight Solar 2"" EMT for fiber","2"" emt conduit and ground for fiber hub",17752 Mitchell N. Suite H,Irvine,CA, 441 OC ,, TI , Select Bid List , Design/Build , Doyle , S.P. , CA ,10/8/2013," $4,149 "," $1,241 ",,,,,,,,,Lost,0%, $- ,,,,,,,,,Acralight,Lance McCabe,,,,,,,,,,,,,,,,,,,,,
14-040,SpaceX Machine Shop AC Wilkie South,AC Upgrade,Wilkie Street,Hawthorne,CA, 11 LA ,, TI , Negotiated , Engineered , Frank , Est. , CA ,10/11/2013," $53,531 ",,,,,,,,,,Lost,30%, $- ,,,,,,,,,SpaceX,John Lordan,,,,,,,,,,,,,,,,,,,,,
14-041,Vista Del Lago Survey,Survey for code compliance,,Mission Viejo,CA, 441 OC ,, TI , Select Bid List , Design/Build , Doyle , S.P. , CA ,10/9/2013," $5,000 ",,,,,,,,,,Awarded,100%, $- ,,,,,,,,,,,,,,,,,,,,,,,,,,,,,,,
14-042,Pacific Life Miscellaneous Projects,Tenant Improvement,700 Newport Center Drive,Newport Beach,CA, 441 OC ,, TI , Negotiated , Design/Build , Frank , Est. , CA ,10/9/2013," $10,723 ",,,,,,,,,,Awarded,30%, $- ,,,,,,,,,Turelk,Geoff DeSena,,,,,,,,,,,,,,,,,,,,,
14-043,Time Warner new outlets and circuits for warehouse,New outlets and circuits,560 S. Promenade,Corona,CA, 441 OC ,, TI , Select Bid List , Design/Build , Doyle , S.P. , CA ,10/10/2013," $3,986 ",,,,,,,,,,Awarded,100%, $- ,,,,,,,,,TWC,CeCe Vales,,,,,,,,,,,,,,,,,,,,,
14-044,Thales security ac power and o2 alarm wiring,New circuit for ac unit and o2 sensor,58 Discovery,Irvine,CA, 441 OC ,, TI , Select Bid List , Design/Build , Doyle , S.P. , CA ,10/10/2013," $2,095 "," $1,958 ",,,,,,,,,Awarded,100%, $- ,,,,,,,,,,,,,,,,,,,,,,,,,,,,,,,
14-045,HHI Chiller Replacement,Chiller Upgrade,,Irvine,CA, 441 OC ,, Hospital , Negotiated , Design/Build , Frank , Est. , CA ,11/12/2013," $305,098 "," $13,849 "," $41,858 "," $31,427 "," $7,791 ",,,,,,Awarded,30%, $- ,,,,,,,Nelson + Okerlund,,Nelson + Okerlund,Bruce Nelson,,,,,,,,,,,,,,,,,,,,,
14-046,SpaceX Furniture Revisions Labor Only,Tenant Improvement,1 Rocket Road,Hawthorne,CA, 11 LA ,, TI , Negotiated , Design/Build , Frank , Est. , CA ,10/12/2013," $117,440 ",,,,,,,,,,Unknown,30%, $- ,,,,,,,,,SpaceX,Ross Hully,,,,,,,,,,,,,,,,,,,,,
14-047,Blizzard Building 7,Tenant Improvement,,,CA, 441 OC ," 41,514 ", TI , Competitive , Engineered , Rudy , Est. , CA ,1/31/2014," $642,340 "," $3,175 "," $1,355 "," $4,340 "," $1,130 ",,,,,,Awarded,30%, $- ,,,,,,,,,HBC,Nima Namdar,,,,,,,,,,,,,,,,,,,,,
14-048,Chapman Cree Conference room fixtures,Replace 2 defective L6 units,635 W. Palm,Orange,CA, 441 OC ,, TI , Negotiated , Design/Build , Doyle , S.P. , CA ,10/13/2013, $240 ,,,,,,,,,,Awarded,100%, $- ,,,,,,,,,McCarthy,Rob Bruns,,,,,,,,,,,,,,,,,,,,,
14-049,CHOC Hospital Imagine Suite,OSHPD Tenant Improvement,,Orange,CA, 441 OC ,, TI , Budget , Design/Build , Frank , Est. , CA ,10/16/2013," $435,197 ",,,,,,,,,,Unknown,, $- ,,,,,,,,,McCarthy,Rob Bruns,,,,,,,,,,,,,,,,,,,,,
14-050,KBY Law,Tenant Improvement,"3501 Jamboree, Ste. 550",Newport Beach,CA, 441 OC ," 6,200 ", TI , Budget , Design/Build , Frank , Est. , CA ,10/18/2013," $82,674 "," $9,296 "," $11,000 ",,,,,,,,Lost,, $- ,,,,,,,,,HBC,Jim Scarpinato,,,,,,,,,,,,,,,,,,,,,
14-051,Youngs Car Chargers,Trouble shoot existing car chargers,,Tustin,CA, 441 OC ,, TI , Negotiated , Design/Build , Doyle , S.P. , CA ,10/13/2013, $240 ,,,,,,,,,,Awarded,100%, $- ,,,,,,,,,,,,,,,,,,,,,,,,,,,,,,,
14-052,AAA UPS load study,Set up analyser for load study on UPS,,Long Beach,CA, 441 OC ,, TI , Negotiated , Design/Build , Doyle , S.P. , CA ,10/13/2013," $1,900 ",,,,,,,,,,Awarded,100%, $- ,,,,,,,,,,,,,,,,,,,,,,,,,,,,,,,
14-053,Elevon at El Segundo,17 Tilt Ups and site work,Maple Ave.,El Segundo,CA, 441 OC ,, Shell , Competitive , Engineered , Rudy , Est. , CA ,11/5/2013," $2,350,800 "," $375,500 ",,,,,,,,,Lost,, $- ,,,,,,,Lusardi,,Lusardi,,,,,,,,,,,,,,,,,,,,,,
14-054,"Chapman LED retrofit 6"" cans",Retrofit fixtures to LED,1 University,Orange,CA, 441 OC ,, TI , Competitive , Design/Build , Doyle , S.P. , CA ,10/24/2013," $7,500 ",,,,,,,,,,Awarded,100%, $- ,,,,,,,,,,,,,,,,,,,,,,,,,,,,,,,
14-055,College Hospital Psych Unit HVAC Upgrade,HVAC Upgrade,310 Victoria St,Costa Mesa,CA, 441 OC ,, Hospital , Budget , Engineered , Doyle , S.P. , CA ,10/24/2013," $27,700 ",,,,,,,,,,Awarded,100%, $- ,,,,,,,,,,,,,,,,,,,,,,,,,,,,,,,
14-056,Thales Chicago Site work,Work with Kelso-Burnett in Chicago,,Chicago,, 441 OC ,, TI , Select Bid List , Design/ Assist , Doyle , S.P. , CA ,10/24/2013," $5,500 ",,,,,,,,,,Awarded,100%, $- ,,,,,,,,,,,,,,,,,,,,,,,,,,,,,,,
14-057,Thales Office Reconfiguration,Electrical for office reconfiguration,58 Discovery,Irvine,CA, 441 OC ,, TI , Select Bid List , Design/ Assist , Doyle , S.P. , CA ,11/1/2013," $2,200 ",,,,,,,,,,Lost,0%, $- ,,,,,,,,,,,,,,,,,,,,,,,,,,,,,,,
14-058,Providence Burbank Epic Survey,Survey for upcoming project,501 S. Buena Vista St,Burbank,CA, 11 LA ,, Hospital , Select Bid List , Design/ Assist , Doyle , S.P. , CA ,11/1/2013," $15,500 ",,,,,,,,,,Lost,0%, $- ,,,,,,,,,,,,,,,,,,,,,,,,,,,,,,,
14-059,Providence Mission Hills Generator Replacement,Furnish and install 2 750KW genset,15031 Rinaldi St.,Mission Hils,CA, 11 LA ,, Hospital , Budget , Design/ Assist , Doyle , S.P. , CA ,11/7/2013," $1,376,400 ",,,,,,,,,,Unknown,1%, $- ,,,,,,,,,,,,,,,,,,,,,,,,,,,,,,,
14-060,IRWD Fire Suppression Panel Upgrade,Fire Alarm conduit & boxes,15600 Sand Canyon,Irvine,CA, 441 OC ,, Fire Alarm , Negotiated , Engineered , Frank , Est. , CA ,11/1/2013," $9,130 ",,,,,,,,,,Lost,50%, $- ,,,,,,,,,Red Hawk,Tom,,,,,,,,,,,,,,,,,,,,,
14-061,Rialto warehouse vandalism repair,Repair vandalism to warehouse,1726 S. Sycamore,Rialto,CA, 441 OC ,, TI , Budget , Design/Build , Doyle , S.P. , CA ,11/6/2013," $26,700 ",,,,,,,,,,Awarded,100%, $- ,,,,,,,,,,,,,,,,,,,,,,,,,,,,,,,
14-062,HHB 1st Floor Corridor Connection & Entry Expansion,Corridor Connection & Entry Expansion,19582 Beach Blvd.,Huntington Beach,CA, 441 OC ,, Hospital , Competitive , Engineered , Rudy , Est. , CA ,11/12/2013," $69,480 ",,,,,,,,,,Awarded,, $- ,,,,,,,,,Hensel Phelps,Robert Cruz,,,,,,,,,,,,,,,,,,,,,
14-063,Hoag Hospital Irvine Pharmacy Remodel,Pharmacy Remodel,16200 Sand Canyon Ave,Irvine,CA, 441 OC ,, Hospital , Select Bid List , Engineered , Rudy , Est. , CA ,11/8/2013," $6,900 ",,,,,,,,,,Awarded,25%, $- ,,,,,,,,,,,,,,,,,,,,,,,,,,,,,,,
14-064,Providence Sub Acute Data and Power,Epic System upgrade work,15031 Rinaldi St.,Mission Hills,CA, 441 OC ,, Hospital , Select Bid List , Engineered , Doyle , S.P. , CA ,11/12/2013," $9,937 ",,,,,,,,,,Awarded,100%, $- ,,,,,,,,,,,,,,,,,,,,,,,,,,,,,,,
14-065,College Hospital recepts in reception area,Add circuits and conduit to reception,Vicoria St,Costa Mesa,CA, 441 OC ,, Hospital , Select Bid List , Design/ Assist , Doyle , S.P. , CA ,11/7/2013," $4,000 ",,,,,,,,,,Awarded,100%, $- ,,,,,,,,,,,,,,,,,,,,,,,,,,,,,,,
14-066,CCCC Tower of Hope,Building rehabilitation,12141 Lewis Street,Garden Grove,CA, 441 OC ,, TI , Budget , Engineered , Rudy , Est. , CA ,11/13/2013," $340,405 ", $(718)," $17,839 "," $5,764 "," $15,580 ",,,,,,Lost,, $- ,,,,,,,,,Cannon,Dennis Allison,,,,,,,,,,,,,,,,,,,,,
14-067,Hilton Garden Inn- Irvine,New 170 room hotel ,,Irvine,CA, 441 OC ,, Comercial , Competitive , Engineered , Jeff P. , Est. , CA ,11/21/2013," $1,643,700 ",,,,,,,,,,Lost,10%, $- ,,,,,,,,,Lusardi,Eric Solem,,,,,,,,,, ? ,, ? ,," $1,250,000 ",," $1,300,000 ",, ? ,, ? ,"2 Scary Low then 2 know EC,s then breiggs, then 2 more "
14-068,Thales Server Power rework,Rework power for server cabinets,58 Discovery,Irvine,CA, 441 OC ,, TI , Select Bid List , Design/Build , Doyle , S.P. , CA ,11/8/2013," $3,570 ",,,,,,,,,,Awarded,100%, $- ,,,,,,,,,,,,,,,,,,,,,,,,,,,,,,,
14-069,The Container Store - Farmers Market LA,,,Los Angeles,CA, 441 OC ,, Comercial , Select Bid List , Engineered , Rudy , Est. , CA ,11/21/2013," $547,455 ",,,,,,,,,,Awarded,, $- ,,,,,,,,,Whiting Turner,Kane Sawtel,,,,,,,,,,,,,,,,,,,,,
14-070,College Hospital MOB Server room generator connection,Generator for Server Room,,Costa Mesa,CA, 441 OC ,, Comercial , Budget , Design/Build , Doyle , S.P. , CA ,11/24/2013," $14,800 "," $54,400 ",,,,,,,,,Unknown,10%, $- ,,,,,,,,,,,,,,,,,,,,,,,,,,,,,,,
14-071,Manulife in ground j box,Install j box in planter over existing conductors,72 Corporate Park,Irvine,CA, 441 OC ,, Site , Select Bid List , Design/Build , Doyle , S.P. , CA ,11/19/2013," $1,475 ",,,,,,,,,,Awarded,100%, $- ,,,,,,,,,,,,,,,,,,,,,,,,,,,,,,,
14-072,UPS Replacement,Replace UPS,Wellington Ave,Santa Ana,CA, 441 OC ,, TI , Competitive , Design/Build , Doyle , S.P. , CA ,11/21/2013," $57,700 ",,,,,,,,,,Not Built,10%, $- ,,,,,,,,,,,,,,,,,,,,,,,,,,,,,,,
14-073,BBM WFI Still #13,WFI Still installation,2525 McGaw,Irvine,CA, 441 OC ,, Industrial , Competitive , Engineered , Frank , Est. , CA ,11/22/2013," $105,627 ",,,,,,,,,,Lost,30%, $- ,,,,,,,DPR,Brandon Risk,,,,,,,,,,,,,,,,,,,,,,,
14-074,Warehouse lighting retrofit,292 warehouse light retrofit,1683 Sunflower,Costa Mesa,CA, 441 OC ,, TI , Competitive , Design/Build , Doyle , S.P. , CA ,11/21/2013," $88,440 ",,,,,,,,,,Not Built,0%, $- ,,,,,,,,,,,,,,,,,,,,,,,,,,,,,,,
14-075,CHOC at Mission Sleep Center,Sleep center 5 bed short stay TI,27700 Medical Center Road,Mission Viejo,CA, 441 OC ," 1,700 ", Hospital , Competitive , Engineered , Rudy , Est. , CA ,12/12/2013," $129,800 ",,,,,,,,,,Lost,, $- ,,,,,,,,,Miles & Kelly,Kym Brunson,Whiting Turner,Chad Brewer,,,,,,,Berg,,Appollo,,A&h,,Dyna,,Fogtlance,,,,
14-076,Los Alamitos MOB TI,TI of (8) MOB suites,3851 Katella Ave,Los Alamitos,CA, 441 OC ," 24,550 ", TI , Competitive , Engineered , Rudy , Est. , CA ,12/4/2013," $358,790 ",,,,,,,,,,Lost,, $- ,,,,,,,,,Snyder Langston,,,,,,,,,,,,,,,,,,,,,,
14-077,YMCO Conference Room T.I.,Tenant Improvement,14402 Franklin Avenue,Tustin,CA, 441 OC ,, TI , Negotiated , Design/Build , Frank , Est. , CA ,11/20/2013," $6,751 ",,,,,,,,,,Awarded,50%, $- ,2/7/2014,,,J-34-560," $6,751 ",,DBAC,Phin Banning,,,,,,,,,,,,,,,,,,,,,,,
14-078,Providence Epic Panel bonding,Bond panels per drawings,15031 Rinaldi St.,Mission Hils,CA, 11 LA ,, Hospital , Select Bid List , Engineered , Doyle , S.P. , CA ,11/1/2013, $- ,,,,,,,,,,Not Bid,0%, $- ,,,,,,,,,,,,,,,,,,,,,,,,,,,,,,,
14-079,Pacific Life Showcase Lab,Tenant Improvement,700 Newport Center Drive,Newport Beach,CA, 441 OC ,, TI , Negotiated , Engineered , Steve  , Est. , CA ,11/23/2013," $13,657 ", $165 , $102 ,,,,,,,,Awarded,50%, $- ,,,,,,,Turelk,Geoff D,,,,,,,,,,,,,,,,,,,,,,,
14-080,Union Bank Brea Corporate Place,Tenant Improvement,145 S. State College,Brea,CA, 441 OC ,, TI , Competitive , Engineered , Frank , Est. , CA ,11/27/2013," $33,368 ",,,,,,,,,,Lost,30%, $- ,,,,,,,Turelk,Jim Bianco,,,,,,,,,,,,,,,,,,,,,,,
14-081,Bixby GFCI testing and PM ,GFCI recert and PM items,3030 Old Ranch Rd,Seal Beach,CA, 441 OC ,, TI , Select Bid List , Design/Build , Doyle , Est. , CA ,11/25/2013," $8,000 ",,,,,,,,,,Awarded,100%, $- ,,,,,,,,,,,,,,,,,,,,,,,,,,,,,,,
14-082,Ghost group TI,Tenant Improvement,41 Discovery,Irvine,CA, 441 OC ,, TI , Competitive , Engineered , Steve  , Est. , CA ,12/6/2013," $213,583 "," $8,443 ", $56 ," $1,943 "," $6,363 ",,,,,,Lost,, $- ,,,,,,,HBC,Shawn Stevens,,,,,,,,,,,,,,,,,,,,,,,
14-083,Valicore Technologies,Tenant Improvement,7585 Irvine Center Drive,Irvine,CA, 441 OC ,, TI , Competitive , Engineered , Frank , Est. , CA ,12/11/2013," $55,665 ", $555 , $56 , $25 ,,,,,,,Lost,30%, $- ,,,,,,,,,HBC,Shawn Stevens,,,,,,,,,,,,,,,,,,,,,
14-084,Bbraun Exceed dock temp power,Temp power for dock area for 2 weeks,2525 McGaw,Irvine,CA, 441 OC ,, TI , Select Bid List , Design/Build , Doyle , Est. , CA ,12/4/2013," $2,900 ",,,,,,,,,,Lost,, $- ,,,,,,,,,,,,,,,,,,,,,,,,,,,,,,,
14-085,Conexant Genset UPS removal,"Remove Genset, UPS and PDU units",4311 Jamboree,Newport Beach,CA, 441 OC ,, TI , Select Bid List , Design/Build , Doyle , Est. , CA ,12/4/2013," $35,000 ",,,,,,,,,,Lost,, $- ,,,,,,,,,,,,,,,,,,,,,,,,,,,,,,,
14-086,IR scan and power outage,IR scan and assist with power outage,2000 Ave. of the Stars,Los Angeles,CA, 11 LA ,, TI , Select Bid List , Design/Build , Doyle , Est. , CA ,12/4/2013," $2,200 ",,,,,,,,,,Awarded,100%, $- ,,,,,,,,,,,,,,,,,,,,,,,,,,,,,,,
14-087,Bbraun new outlet,New outlet and circuit,1761 Kaiser Ave,Irvine,CA, 441 OC ,, TI , Select Bid List , Design/Build , Doyle , Est. , CA ,12/4/2013," $2,114 ",,,,,,,,,,Awarded,100%, $- ,,,,,,,Bbraun,,Bbraun,,,,,,,,,,,,,,,,,,,,,,
14-088,First American branch circuit monitor,Data center branch circuit monitor budget,9 First American Way,Santa Ana,CA, 441 OC ,, TI , Select Bid List , Design/Build , Doyle , Est. , CA ,12/5/2013," $150,000 ",,,,,,,,,,Awarded,25%, $- ,,,,,,,,,First American,Rick Lutzky,,,,,,,,,,,,,,,,,,,,,
14-089,B-Braun PHI one Replacment,Budget for Jamie at Can lines,2525 McGaw,Irvine,CA, 441 OC ,, Specialty , Budget , Design/ Assist , Doyle , Est. , CA ,12/1/2013, $- ,,,,,,,,,,Not Bid,, $- ,,,,,,,,,,,,,,,,,,,,,,,,,,,,,,,
14-090,610 & 620 Conference Centers,Tenant Improvement,610 & 620 Newport Center Dr,Newport Beach,CA, 441 OC ,, TI , Competitive , Engineered , Frank , Est. , CA ,12/18/2013," $50,225 "," $1,870 "," $1,687 ", $710 , $850 ,,,,,,Unknown,30%, $- ,,,,,,,,,HBC,Shawn Stevens,,,,,,,,,,,,,,,,,,,,,
14-091,TVG Preaction Ayatem,FA Preaction ,,LA,CA, 11 LA ,, Fire Alarm , Select Bid List , Engineered , Ron , P.M. , CA ,12/11/2013," $3,800 ",,,,,,,,,,Lost,, $- ,,,,,,,,,,,,,,,,,,,,,,,,,,,,,,,
14-092,Hoag Elevator Equipment Modernization,Elevator equipment modernization,1 Hoag Dr.,Newport Beach,CA, 441 OC , - , Hospital , Competitive , Engineered , Rudy , Est. , CA ,12/13/2013," $27,560 "," $7,565 ",,,,,,,,,Awarded,100%, $- ,,,,,,,,,Whiting Turner,David Laroach,,,,,,,,,,,,,,,,,,,,,
14-093,Boeing E81-2,Viking Operations Ctr. TI,2201 Seal Beach Blvd,Seal Beach,CA, 441 OC ,, TI , Competitive , Engineered , Rudy , Est. , CA ,12/16/2013, $- ,,,,,,,,,,Not Bid,, $- ,,,,,,,,,DBAC,Will Allison,,,,,,,,,,,,,,,,,,,,,
14-094,Pasadena  USD,Prequalificaton,,Pasadena,CA, 11 LA ,, Specialty , Negotiated , Design/Build , Frank , Est. , CA ,12/11/2013, $- ,,,,,,,,,,Not Bid,, $- ,,,,,,,,,Swinerton,,,,,,,,,,,,,,,,,,,,,,
14-095,PIMCO Off Site Traning Room Survey,Survey,620 Newport Center Drive,Newport Beach,CA, 441 OC ,, TI , Negotiated , Engineered , Jeff P. , Est. , CA ,12/11/2013," $1,440 ",,,,,,,,,,Awarded,, $- ,,,,,,,,,,,,,,,,,,,,,,,,,,,,,,,
14-096,Youngs LA car charger outlers,2 circuits for car charger outlets,500 S. Central,Los Angeles,CA, 441 OC ,, TI , Select Bid List , Design/Build , Doyle , S.P. , CA ,12/11/2013," $2,790 ",,,,,,,,,,Awarded,100%, $- ,,,,,,,,,Youngs,Cassie Kellie,,,,,,,,,,,,,,,,,,,,,
14-097,Hoag SPD Make Ready ,Build new electric room for SPD,1 Hoag Dr.,Newport Beach,CA, 441 OC ,, Hospital , Competitive , Engineered , Rudy , Est. , CA ,12/19/2013," $25,630 ",,,,,,,,,,Awarded,100%, $- ,,,,,,,,,DEB,Matt Stewart,,,,,,,,,,,,,,,,,,,,,
14-098,Bbraun Control Conduit ,T&M for Bob Panza,2525 McGaw,Irvine,CA, 441 OC ,, Comercial , Select Bid List , Design/Build , Doyle , S.P. , CA ,12/18/2013," $1,000 ",,,,,,,,,,Awarded,100%, $- ,,,,,,,,BBraun,,BBraun,,,,,,,,,,,,,,,,,,,,,
14-099,Bbraun Titan Packing and Overrap,New equipment connect for Titan Bag,2525 McGaw,Irvine,CA, 441 OC ,, Comercial , Select Bid List , Design/Build , Doyle , S.P. , CA ,12/18/2013," $8,164 ",,,,,,,,,,Awarded,100%, $- ,,,,,,,,Bbraun,Bob Paton,Bbraun,Bob Paton,,,,,,,,,,,,,,,,,,,,
14-100,Sage Renovations,Tenant Improvement,6561 Irvine Center Drive,Irvine,CA, 441 OC ," 61,621 ", TI , Competitive , Engineered , Frank , Est. , CA ,12/24/2013," $227,080 "," $8,825 "," $3,950 ",,,,,,,,Lost,0%, $- ,,,,,,,,,HBC,Thomas Valdez,,,,,,,,,,,,,,,,,,,,,
14-101,Baxter Frac Centifuge 5 6 7 8,New whips to 4 FRAC centrifuges,5401 Colorado Blvd,Los Angeles,CA, 441 OC ,, Comercial , Select Bid List , Design/Build , Doyle , S.P. , CA ,12/18/2013," $3,000 ",,,,,,,,,,Awarded,100%, $- ,,,,,,,,,Baxter,Sevan ,,,,,,,,,,,,,,,,,,,,,
14-102,PIMCO Off Site Traning Room TI,,,Newport Beach,CA, 441 OC ,, TI , Select Bid List , Engineered , Frank , Est. , CA ,12/31/2013," $70,343 "," $2,485 ",,,,,,,,,Awarded,30%, $- ,,,,,,,HBC,Ryan Frasier,HBC,Ryan Frasier,,,,,,,,,,,,,,,,,,,,,
14-103,Thalas Suite 150,,,Irvine,CA, 441 OC ,, TI , Competitive , Engineered , Rudy , Est. , CA ,1/6/2014," $343,785 ",,,,,,,,,,Lost,, $- ,,,,,,,,,,,,,,,,,,,,,,,,,,,,,,,
14-104,Pacific Medical Service Refeed,Refeed 1200 amp service,37514 Katella Ave,Los Alamitos,CA, 441 OC ,, Site , Select Bid List , Design/Build , Doyle , S.P. , CA ,1/2/2014," $56,500 ",,,,,,,,,,Lost,2%, $- ,,,,,,,,,Snyder Langston,,,,,,,,,,,,,,,,,,,,,,
14-105,Stradling,Tenant Improvement,660 Newport Center Drive,Newport Beach,CA, 441 OC ,, TI , Competitive , Engineered , Frank , Est. , CA ,1/7/2014," $43,630 "," $1,257 ",,,,,,,,,Unknown,30%, $- ,,,,,,,,,DBAC,John Somers,HBC,Sarah Webb,,,,,,,,,,,,,,,,,,,
14-106,Telepacific new circuit White Rd,New circuit to rack 01.07.003,2698 White Road,Irvine,CA, 441 OC ,, TI , Select Bid List , Design/Build , Doyle , S.P. , CA ,12/31/2013," $1,600 ",,,,,,,,,,Awarded,100%, $- ,,,,,,,Telepacific,,Telepacific,,,,,,,,,,,,,,,,,,,,,,
14-107,Hoag DDC power back bone,Add power to feed control transformers,1 Hoag Dr.,Newport Beach,CA, 441 OC ,, Hospital , Select Bid List , Design/Build , Bill , P.M. , CA ,12/31/2013," $8,200 ",,,,,,,,,,Awarded,100%, $- ,,,,,,,,,Whiting Turner,David La Roach,,,,,,,,,,,,,,,,,,,,,
14-108,Synergy,Multi-building Tentant Improvement,17360 Brookhurst Street,Fountain Valley,CA, 441 OC ,, TI , Competitive , Engineered , Frank , Est. , CA ,1/10/2014," $412,566 "," $38,296 "," $76,784 "," $38,338 "," $925,533 ",,,,,,Lost,5%, $- ,,,,,,,,,HBC,Thomas Valdez,,,,,,,,,,,,,,,,,,,,,
14-109,Chapman Unversity Health Sciences,Tenant Improvement,9501 Jeronimo,Irvine,CA, 441 OC ,, TI , Competitive , Engineered , Frank , Est. , CA ,1/15/2014, $- ,,,,,,,,,,Not Bid,0%, $- ,,,,,,,,,HBC,Jim Scarpinato,,,,,,,,,,,,,,,,,,,,,
14-110,Bbraun Cafeteria wire pull,Repull cafeteria feeder,2525 McGaw,Irvine,CA, 441 OC ,, TI , Select Bid List , Design/Build , Doyle , S.P. , CA ,1/6/2014," $8,000 ",,,,,,,,,,Awarded,100%, $- ,,,,,,,BBraun,Roger Taylor,BBraun,Roger Taylor,,,,,,,,,,,,,,,,,,,,,
14-111,First American Underfloor Whips,T&M Underfloor Whips,9 First American Way,Santa Ana,CA, 441 OC ,, TI , Select Bid List , Design/Build , Doyle , S.P. , CA ,1/6/2014," $46,500 ",,,,,,,,,,Awarded,5%, $- ,,,,,,,,,First American,Nick Aydelott,,,,,,,,,,,,,,,,,,,,,
14-112,Cal Optima 4th Floor,Tenant Improvement,505 City Parkway West,Orange,CA, 441 OC ,, TI , Competitive , Engineered , Rudy , Est. , CA ,1/22/2014," $231,043 "," $16,371 ",,,,,,,,,Awarded,100%, $- ,,,,,,,,,Snyder Langston,Jim Jaquette,KPRS,,,,,,,,,,,,,,,,,,,,
14-113,Hoag Sterile Processing Dept. (SPD),Tenant Improvement,1 Hoag Dr.,Newport Beach,CA, 441 OC ,, Hospital , Select Bid List , Engineered , Rudy , Est. , CA ,1/23/2014," $201,770 ",,,,,,,,,,Awarded,100%, $- ,,,,,,,,,Whiting Turner,David LaRoach,AV,Arees Akoubian,BSD,Steve Erikson,Kemp,Steve Solas,,,,,,,,,,,,,,,
14-114,Pacific Trust Bank,Tenant Improvement,,Costa Mesa,CA, 441 OC ,, TI , Budget , Design/Build , Frank , Est. , CA ,1/15/2014," $2,536 ",,,,,,,,,,Unknown,, $- ,,,,,,,,,GKK,Rob Sitton,,,,,,,,,,,,,,,,,,,,,
14-115,Bbraun Cooler outlets,New circuits and outlets for coolers,2525 McGaw,Irvine,CA, 441 OC ,, TI , Select Bid List , Design/Build , Doyle , S.P. , CA ,1/16/2014," $6,389 ", $700 ,,,,,,,,,Awarded,5%, $- ,,,,,,,,,Bbraun,Nima Bayan,,,,,,,,,,,,,,,,,,,,,
14-116,Ceder Glenn Meg Feeders,Meg test feeders for apartment fire,635 Chippewa,Anaheim,CA, 441 OC ,, TI , Select Bid List , Design/Build , Doyle , S.P. , CA ,1/16/2014," $1,695 ",,,,,,,,,,Awarded,100%, $- ,,,,,,,Dry Master,John Williams,Dry Master,John Williams,,,,,,,,,,,,,,,,,,,,,
14-117,EMC 2014 Service Rates,Service Rates for 2014,135 Technology,Irvine,CA, 441 OC ,, TI , Select Bid List , Design/Build , Doyle , S.P. , CA ,1/15/2014," $30,000 ",,,,,,,,,,Awarded,100%, $- ,,,,,,,,,EMC2,Miguel Pena,,,,,,,,,,,,,,,,,,,,,
14-118,JWA 12KV meter relay addition,Add cust furn SEL relay and wiring,John Wayne Airport,Santa Ana,CA, 441 OC ,, Specialty , Select Bid List , Design/ Assist , Doyle , S.P. , CA ,1/15/2014," $18,100 ",,,,,,,,,,Not Built,10%, $- ,,,,,,,,,Palson Engineering,Charles Palencia,,,,,,,,,,,,,,,,,,,,,
14-119,Chevron Central Reliability,Fire alarm wire install,Chevron ,El Segundo,CA, 11 LA ,, Fire Alarm , Select Bid List , Engineered , Ron , P.M. , CA ,1/20/2014," $48,000 ",,,,,,,,,,Awarded,, $- ,,,,,,,,,,,,,,,,,,,,,,,,,,,,,,,
14-120,Youngs Car Buck Boost Unite,Add buck boost transformer,Franklin Ave,Tustin,CA, 441 OC ,, TI , Select Bid List , Design/Build , Doyle , S.P. , CA ,1/16/2014," $1,980 ",,,,,,,,,,Awarded,100%, $- ,,,,,,,,,Youngs,Kevin Berghaus,,,,,,,,,,,,,,,,,,,,,
14-121,Hoag W/ Tower 2nd Floor,2nd Floor Gear Relocation,1 Hoag Dr.,Newport Beach,CA, 441 OC ,, Hospital , Select Bid List , Engineered , Jeff P. , Est. , CA ,2/21/2014," $1,009,600 "," $15,733 "," $8,559 ", $- ,,,,,,,Awarded,100%, $- ,,,,,,,,,,,,,,,,,,,,,,,,,,,,,,,
14-122,US Bank Pasadena,Tenant Improvement,720 E. Colorado Blvd,Pasadena,CA, 441 OC ,, TI , Select Bid List , Engineered , Doyle , S.P. , CA ,1/27/2014, $- ,,,,,,,,,,Not Bid,0%, $- ,,,,,,,,,,,,,,,,,,,,,,,,,,,,,,,
14-123,"Oculus VR, Inc.",Tenant Improvement,19900 MacArthur Blvd,Irvine,CA, 441 OC ,, TI , Competitive , Engineered , Frank , Est. , CA ,1/29/2014," $449,614 "," $5,131 "," $2,037 "," $2,682 ",,,,,,,Unknown,30%, $- ,,,,,,,,,HBC,Thomas Valdez,,,,,,,,,,,,,,,,,,,,,
14-124,Mercedes Benz WCC GC Services,Tenant Improvement,3860 North Lakewood Blvd,Long Beach,CA, 11 LA ," 1,000,000 ", TI , Competitive , Engineered , Frank , Est. , CA ,2/10/2014, $- ,,,,,,,,,,Not Bid,30%, $- ,,,,,,,,,Cannon,Dennis Allison,Snyder Langston,,Milly & Serverson,,,,,,,,,,,,,,,,,,
14-125,Baxter Room 419 Centrifuge Power,Rework power for new motor install,4501 Colorado Blvd,Los Angeles,CA, 441 OC ,, Specialty , Select Bid List , Design/Build , Doyle , S.P. , CA ,1/22/2014," $1,300 ",,,,,,,,,,Awarded,100%, $- ,,,,,,,,,Baxter,Sevan,,,,,,,,,,,,,,,,,,,,,
14-126,Newport Lido Suite 209 Circuit,New circuit for medical device,351 Hospital Road,Newport Beach,CA, 441 OC ,, TI , Select Bid List , Design/Build , Doyle , S.P. , CA ,1/22/2014," $1,340 ",,,,,,,,,,Awarded,100%, $- ,,,,,,,Newport Lido,Debi Boler,Newport Lido,Debi Boler,,,,,,,,,,,,,,,,,,,,,
14-127,Thales Generator Rental Budget,Rent 1250KW genset budget,58 Discovery,Irvine,CA, 441 OC ,, Comercial , Budget , Design/Build , Doyle , S.P. , CA ,1/30/2014," $49,325 ",,,,,,,,,,Not Built,2%, $- ,,,,,,,,,,,,,,,,,,,,,,,,,,,,,,,
14-128,Goldman Law office copier and data outlet,New outlers for copier and data room,501 Civic Center Dr West,Santa Ana,CA, 441 OC ,, TI , Select Bid List , Design/Build , Doyle , S.P. , CA ,2/5/2014, $956 , $42 ,,,,,,,,,Awarded,100%, $- ,,,,,,,Goldsman Law,Micheal Garcia,Goldsman Law,Micheal Garcia,,,,,,,,,,,,,,,,,,,,,
14-129,Accretive SJC MOB,2 story shell MOB,31001 Rancho Viejo Road,San Juan Capistrano,CA, 441 OC ," 38,664 ", Hospital , Competitive , Engineered , Rudy , Est. , CA ,2/10/2014," $302,520 ",,,,,,,,,,Lost,0%, $- ,,,,,,,,,Snyder Langston,,,,,,,,,,Ironwood, Apollo ,,,,,,,,,,,
14-130,HHNB AH-10 DDC Controls,HVAC Upgrade,1 Hoag Dr.,Newport Beach,CA, 441 OC ,, Hospital , Negotiated , Design/Build , Frank , Est. , CA ,2/5/2014," $15,100 ",,,,,,,,,,Awarded,100%, $- ,,,,,,,,,,,,,,,,,,,,,,,,,,,,,,,
14-131,Thales Relay replacement,4 replacement LC&D relays,58 Discovery,Irvine,CA, 441 OC ,, TI , Select Bid List , Design/Build , Doyle , S.P. , CA ,2/5/2014, $450 ,,,,,,,,,,Awarded,100%, $- ,,,,,,,,,Thales,Ron Fortier,,,,,,,,,,,,,,,,,,,,,
14-132,Thales 5 Roof top AC disc replace,Replace 5 existing AC roof top disc,58 Discovery,Irvine,CA, 441 OC ,, TI , Select Bid List , Design/Build , Doyle , S.P. , CA ,2/5/2014," $2,387 ",,,,,,,,,,Awarded,100%, $- ,,,,,,,Thales,Tim Gray,Thales,Ron Fortier,,,,,,,,,,,,,,,,,,,,,
14-133,Thales feeder for panel 400HZ-11,New 225 400HZ feeder for panel 11,58 Discovery,Irvine,CA, 441 OC ,, TI , Select Bid List , Design/Build , Doyle , S.P. , CA ,2/5/2014," $19,842 ", $800 ," $1,500 ",,,,,,,,Not Built,0%, $- ,,,,,,,,,Thales,Ron Fortier,,,,,,,,,,,,,,,,,,,,,
14-134,Thales Wireless Clock system,New wireless clock system,58 Discovery,Irvine,CA, 441 OC ,, TI , Select Bid List , Design/Build , Doyle , S.P. , CA ,2/5/2014," $13,800 "," $22,600 ", $450 , $800 ,,,,,,,Not Built,0%, $- ,,,,,,,,,Thales,Arick Gale,,,,,,,,,,,,,,,,,,,,,
14-135,EMC2 4th floor outlet add,Add dedicated circuit for 4th floor,2201 Dupont,Irvine,CA, 441 OC ,, TI , Select Bid List , Design/Build , Doyle , S.P. , CA ,2/5/2014," $1,038 ",,,,,,,,,,Awarded,100%, $- ,,,,,,,EMC2,Miguel Pena,EMC2,Miguel Pena,,,,,,,,,,,,,,,,,,,,,
14-136,EMC2 5th floor new outlets and lights,Add dimming ballast to 1 existing fixture,2201 Dupont,Irvine,CA, 441 OC ,, TI , Select Bid List , Design/Build , Doyle , S.P. , CA ,2/5/2014," $2,398 ",,,,,,,,,,Not Built,40%, $- ,,,,,,,,,EMC2,Miguel Pena,,,,,,,,,,,,,,,,,,,,,
14-137,EMC2 5th floor mothers room dim,Add dedicated circuit for 5th floor,2201 Dupont,Irvine,CA, 441 OC ,, TI , Select Bid List , Design/Build , Doyle , S.P. , CA ,2/5/2014," $1,002 ",,,,,,,,,,Not Built,40%, $- ,,,,,,,,,EMC2,Miguel Pena,,,,,,,,,,,,,,,,,,,,,
14-138,H Hendy circuit survey,Survey existing electrical circuits,25510 Commercecenter Dr,Lake Forest,CA, 441 OC ,, TI , Select Bid List , Design/Build , Doyle , S.P. , CA ,2/10/2014," $1,570 ",,,,,,,,,,Awarded,100%, $- ,,,,,,,,,H Hendy,Carol,,,,,,,,,,,,,,,,,,,,,
14-139,College Hospital K1 Panel renovate,New feeder and panel to replace K1,Vicoria St,Costa Mesa,CA, 441 OC ,, Hospital , Select Bid List , Design/Build , Doyle , S.P. , CA ,2/15/2014," $15,223 ", $816 ,,,,,,,,,Awarded,70%, $- ,,,,,,,,,,,,,,,,,,,,,,,,,,,,,,,
14-140,HHI ED Expansion,New Gear for ED Expansion,16200 Sand Canyon Ave,Irvine,CA, 441 OC ,, Hospital , Budget , Design/Build , Frank , Est. , CA ,2/10/2014," $191,050 ",,,,,,,,,,Not Built,, $- ,,,,,,,,,Nelson + Okerlund,Bruce Nelson,,,,,,,,,,,,,,,,,,,,,
14-141,OCMMC Angio Room,X-ray to Angio Room conversion,9920 Talbert Ave.,Fountain Valley,CA, 441 OC ," 1,760 ", Hospital , Competitive , Engineered , Rudy , Est. , CA ,2/20/2014," $188,040 ",,,,,,,,,,Lost,0%, $- ,,,,,,,DLS,,Cannon,Kevin Zhu,,,,,,,,,,,,,,,,,,,,,
14-142,PAAMCO add outlets for TV,add 4 outlets and data stubs,19540 Jamboree suite 400,Irvine,CA, 441 OC ,, TI , Select Bid List , Design/Build , Doyle , S.P. , CA ,2/11/2014," $1,378 ",,,,,,,,,,Lost,, $- ,,,,,,,,,,,,,,,,,,,,,,,,,,,,,,,
14-143,Cal Optima 8th & 9th Floors,Selective TI,505 City Parkway West,Orange,CA, 441 OC ,, TI , Competitive , Engineered , Frank , Est. , CA ,2/14/2014," $9,533 "," $7,795 ",,,,,,,,,Lost,0%, $- ,,,,,,,,,Snyder Langston,Jim Jaquette,,,,,,,,,,,,,,,,,,,,,
14-144,"Cal Optima 1st, 2nd, 5th, 9th, and 10th",Tenant Improvement,505 City Parkway West,Orange,CA, 441 OC ,, TI , Competitive , Engineered , Rudy , Est. , CA ,2/28/2014," $306,837 ",,,,,,,,,,Lost,0%, $- ,,,,,,,,,Snyder Langston,Jim Jaquette,,,,,,,,,,,,,,,,,,,,,
14-145,SpaceX Tube Bending 2000A Service,New Sub Station,1 Rocket Road,Hawthorne,CA, 11 LA ,, Industrial , Budget , Design/Build , Frank , Est. , CA ,2/17/2014," $271,403 "," $101,781 "," $107,079 "," $241,248 "," $297,239 ",,,,,,Unknown,, $- ,,,,,,,,,SpaceX,Ross Hully,,,,,,,,,,,,,,,,,,,,,
14-146,8055 Newport Center,20 Story Core & Shell & Parking Structure,8055 Newport Center Dr.,Irvine,CA, 441 OC ," 430,000 ", Comercial , Select Bid List , Engineered , Frank , Est. , CA ,3/10/2014," $8,921,918 ",,,,,,,,,,Lost,, $- ,,,,,,,,,Whiting Turner,Steve Thomas,Snyder Langston,,Matt Construction,,Hathaway Dinwiddie,,,,,,,,,,,,,,,,
14-147,Canterbury Fire Alarm,,,,CA, 11 LA ,, Fire Alarm , Select Bid List , Engineered , Ron , P.M. , CA ,3/1/2014," $131,900 ",,,,,,,,,,Lost,, $- ,,,,,,,,,,,,,,,,,,,,,,,,,,,,,,,
14-148,Pacific Life 700-1 Office Alterations,Tenant Improvement,700 Newport Center Drive,Newport Beach,CA, 441 OC ,, TI , Budget , Design/Build , Frank , Est. , CA ,2/19/2014," $8,163 ",,,,,,,,,,Awarded,100%, $- ,,,,,,,,,Turelk,Geof Dsena,,,,,,,,,,,,,,,,,,,,,
14-149,Bixby Emon meter and new outlet,Change Emon meter and add outlet,3030 Old Ranch Rd,Seal Beach,CA, 441 OC ,, TI , Select Bid List , Design/Build , Doyle , Est. , CA ,2/19/2014," $1,870 ",,,,,,,,,,Lost,5%, $- ,,,,,,,,,,,,,,,,,,,,,,,,,,,,,,,
14-150,"Chapman LED retrofit 6"" cans",Retrofit fixtures to LED,1 University,Orange,CA, 441 OC ,, TI , Select Bid List , Design/Build , Doyle , S.P. , CA ,2/20/2014," $7,500 ",,,,,,,,,,Awarded,100%, $- ,,,,,,,,,Chapman,Ed Blatchford,,,,,,,,,,,,,,,,,,,,,
14-151,Time Warner Outlets,,3430 E. Miraloma,Anaheim,CA, 441 OC ,, TI , Select Bid List , Design/Build , Doyle , S.P. , CA ,2/21/2014," $1,700 ",,,,,,,,,,Awarded,100%, $- ,,,,,,,,,,,,,,,,,,,,,,,,,,,,,,,
14-152,Emser tile charger circuit,New 480 volt charger circuit,1400 S. State College,Anaheim,CA, 441 OC ,, TI , Select Bid List , Design/Build , Doyle , S.P. , CA ,2/24/2014," $4,930 ",,,,,,,,,,Lost,1%, $- ,,,,,,,,,,,,,,,,,,,,,,,,,,,,,,,
14-153,Vision Center TI budget,Ti Budget,7677 Center St,Huntington Beach,CA, 441 OC ,, TI , Budget , Design/ Assist , Doyle , S.P. , CA ,2/25/2014," $98,239 ",,,,,,,,,,Lost,10%, $- ,,,,,,,,,Howard Construction,Jim Blackmore,,,,,,,,,,,,,,,,,,,,,
14-154,Hoag SPD & DME Controls,BMS Controls,1 Hoag Dr.,Newport Beach,CA, 441 OC ,, Hospital , Competitive , Engineered , Rudy , Est. , CA ,3/3/2014," $19,910 ",,,,,,,,,,Awarded,100%, $- ,,,,,,,,,AES,,,,,,,,,,,,,,,,,,,,,,
14-155,Sub meterting for existing building,Sub metering project,25510 Commercecenter Dr,Lake Forest,CA, 441 OC ,, TI , Select Bid List , Design/ Assist , Doyle , S.P. , CA ,2/25/2014," $6,055 ",,,,,,,,,,Awarded,50%, $- ,,,,,,,,,CBRE,Alexis Konopsis,,,,,,,,,,,,,,,,,,,,,
14-156,Hoag Gamma Camera Replacment,Re-Circ. Outlets,One Hoag Drive,Newport Beach,CA, 441 OC ,, Hospital , Select Bid List , Engineered , Jeff P. , Est. , CA ,2/27/2014," $3,500 ",,,,,,,,,,Lost,, $- ,,,,,,,,,DEB,Giovanni Cangelosi,,,,,,,,,,,,,,,,,,,,,
14-157,Baxter Room405 Centrifuge 1 - 4,Rewire for new stainless motors,4501 Colorado Blvd,Los Angeles,CA, 441 OC ,, Comercial , Select Bid List , Design/ Assist , Doyle , S.P. , CA ,2/25/2014," $14,411 ",,,,,,,,,,Not Built,25%, $- ,,,,,,,,,Baxter,Sevan,,,,,,,,,,,,,,,,,,,,,
14-158,Time Warner demo power,Demo power for vacating space,9072 Rosecrans,Bellflower,CA, 441 OC ,, TI , Select Bid List , Design/ Assist , Doyle , S.P. , CA ,2/25/2014," $1,870 ", $300 ,,,,,,,,,Awarded,100%, $- ,,,,,,,,,TWC,CeCe Valles,,,,,,,,,,,,,,,,,,,,,
14-159,Ready at Dawn new subpanel,New server room outlets and sub panel,15201 Laguna Canyon #200,Irvine,CA, 441 OC ,, TI , Select Bid List , Design/Build , Doyle , S.P. , CA ,2/25/2014," $14,314 ",,,,,,,,,,Awarded,100%, $- ,,,,,,,,,Ready at Dawn,Amy E.,,,,,,,,,,,,,,,,,,,,,
14-160,Blizzard B6 2nd Floor Lobby,New lighitng and card reader in lobby,13245 Laguna Canyon Road,Irvine,CA, 441 OC ,, TI , Select Bid List , Engineered , Rudy , Est. , CA ,2/28/2014," $2,625 ",,,,,,,,,,Awarded,100%, $- ,,,,,,,,,HBC,Pasha Kimiagar,,,,,,,,,,,,,,,,,,,,,
14-161,Thales Load Study,30 day load study,48 Discovery,Irvine,CA, 441 OC ,, TI , Select Bid List , Design/Build , Doyle , S.P. , CA ,2/28/2014," $1,300 ",,,,,,,,,,Awarded,100%, $- ,,,,,,,,,Thales,Tim Gray,,,,,,,,,,,,,,,,,,,,,
14-162,Thales Area 51 RF Power,RF EMI Room,51 Discovery,Irvine,CA, 441 OC ,, TI , Budget , Design/Build , Frank , Est. , CA ,3/4/2014," $33,303 ",,,,,,,,,,Unknown,, $- ,,,,,,,,,,,,,,,,,,,,,,,,,,,,,,,
14-163,Kaiser Moreno Valley ER Remodel,Emergency Room Remodel,27300 Iris Avenue,Moreno Valley,CA, 477 SB ," 8,229 ", Hospital , Competitive , Engineered , Frank , Est. , CA ,3/19/2014, $- ,,,,,,,,,,Not Bid,, $- ,,,,,,,,,Swinerton,Scott Laurdale,Layton Const.,Tom Bethman,,,,,,,,,,,,,,,,,,,
14-164,FVRH Em. Gen & Service Upgrade,Em. Gen & Service Upgrade,17100 Euclid Ave.,Fountain Valley,CA, 441 OC ,, Hospital , Select Bid List , Engineered , Rudy , Est. , CA ,3/14/2014," $1,134,190 ",,,,,,,,,,Awarded,, $- ,,,,,,,,,Tiller Construction,Melissa Dominguez,Questar,Steve Logan,,,,,,,,,,,,,,,,,,,
14-165,Arrow Business TI,TI for multiple suites,9087 Arrow Rt,Rancho Cucamonga,CA, 441 OC ,, TI , Select Bid List , Design/Build , Doyle , S.P. , CA ,3/19/2014," $201,340 ",,,,,,,,,,Lost,10%, $- ,,,,,,,,,Howard Construction,Jim Blackmore,,,,,,,,,,,,,,,,,,,,,
14-166,Del Frisco's Grill,Resturant,618 Spectrum Center Dr. ,Irvine,CA, 441 OC ,, TI , Competitive , Engineered , Steve  , Est. , CA ,3/20/2014," $345,392 "," $5,760 "," $11,998 ",,,,,,,,Lost,, $- ,,,,,,,,,GB Mannisto,Gary Mannisto,,,,,,,,,,,,,,,,,,,,,
14-167,Chapman Dance Studio,Replace Fixtures,1 University,Orange,CA, 441 OC ,, TI , Select Bid List , Design/Build , Doyle , S.P. , CA ,3/11/2014, $750 ,,,,,,,,,,Awarded,100%, $- ,,,,,,,,,One West,,,,,,,,,,,,,,,,,,,,,,
14-168,Long Beach Port Restroom Remodel,Replace fixtures and insta hot,Port of Long Beach,Long Beach,CA, 441 OC ,, Industrial , Public Works , Engineered , Doyle , S.P. , CA ,3/12/2014," $15,980 ",,,,,,,,,,Awarded,100%, $- ,,,,,,,,,One West,Dale Hutchison,,,,,,,,,,,,,,,,,,,,,
14-169,College Hospital additional outlets,Add circuits and outlets,Victoria St,Costa Mesa,CA, 441 OC ,, Hospital , Select Bid List , Design/Build , Doyle , S.P. , CA ,3/14/2014," $4,457 ",,,,,,,,,,Awarded,100%, $- ,,,,,,,College Hospital,Anthony Gonzalez,College Hospital,Anthony Gonzalez,,,,,,,,,,,,,,,,,,,,,
14-170,Deutche Bank Lighting Panel Replace,Replace Powerlink lighting panel,St Gerturde,Santa Ana,CA, 441 OC ,, TI , Select Bid List , Design/Build , Doyle , S.P. , CA ,3/14/2014," $12,438 ",,,,,,,,,,Not Built,40%, $- ,,,,,,,,,Jones Lange ,Brad Gaston,,,,,,,,,,,,,,,,,,,,,
14-171,Time Warner Ballast and contactor,Replace contactor and ballast,6320 Arizona Circle,Los Angeles,CA, 441 OC ,, TI , Negotiated , Design/Build , Doyle , S.P. , CA ,3/12/2014," $1,972 ",,,,,,,,,,Awarded,100%, $- ,,,,,,,,,TWC,,,,,,,,,,,,,,,,,,,,,,
14-172,Thales add lighitng and relamp,Relamp and add fixtures,58 Discovery,Irvine,CA, 441 OC ,, TI , Select Bid List , Design/Build , Doyle , S.P. , CA ,3/17/2014," $7,940 ",,,,,,,,,,Not Built,40%, $- ,,,,,,,,,Thales,Tim Gray,,,,,,,,,,,,,,,,,,,,,
14-173,Ready at Dawn 6 outlets,6 add outlets in one office,15201 Laguna Canyon #200,Irvine,CA, 441 OC ,, TI , Select Bid List , Design/Build , Doyle , S.P. , CA ,2/19/2014," $1,684 ",,,,,,,,,,Awarded,40%, $- ,,,,,,,Ready at Dawn,Amy E.,Ready at Dawn,Amy E.,,,,,,,,,,,,,,,,,,,,,
14-174,Pacific Life Network Refresh,Add outlets per customer,700 Newport Center Drive,Newport Beach,CA, 441 OC ,, TI , Negotiated , Design/Build , Frank , Est. , CA ,3/13/2014," $11,195 ",,,,,,,,,,Awarded,100%, $- ,,,,,,,,,Pacific Life,Perry Faneuf,,,,,,,,,,,,,,,,,,,,,
14-175,Pacific Life Data Center Whips,Add Underfloor whips with L6-30 oultets,700 Newport Center Drive,Newport Beach,CA, 441 OC ,, TI , Negotiated , Design/Build , Frank , Est. , CA ,3/13/2014," $2,507 ",,,,,,,,,,Awarded,100%, $- ,,,,,,,,,Pacific Life,Perry Faneuf,,,,,,,,,,,,,,,,,,,,,
14-176,Pacific Life Print Room Rack Ground,Add equipment grounding,700 Newport Center Drive,Newport Beach,CA, 441 OC ,, TI , Negotiated , Design/Build , Frank , Est. , CA ,3/13/2014, $980 ,,,,,,,,,,Awarded,100%, $- ,,,,,,,,,Pacific Life,Perry Faneuf,,,,,,,,,,,,,,,,,,,,,
14-177,Hoag CDCR Site Upgrades,Relocate CDCR,One Hoag Drive,Newport Beach,CA, 441 OC ,, Hospital , Competitive , Engineered , Rudy , Est. , CA ,3/28/2014," $11,266 ",,,,,,,,,,Awarded,, $- ,,,,,,,,,DEB,Giovani Cangelosi,,,,,,,,,,,,,,,,,,,,,
14-178,Bbraun Steralyzer Control Panel,Relocate Steralyzer Control Panel,2525 McGaw,Irvine,CA, 441 OC ,, Industrial , Select Bid List , Design/Build , Doyle , S.P. , CA ,3/21/2014," $2,889 ",,,,,,,,,,Awarded,100%, $- ,,,,,,,Bbraun,Tony Tran,Bbraun,Tony Tran,,,,,,,,,,,,,,,,,,,,,
14-179,Pacific Life Tenant Improvement,Tenant Improvement,800 Newport Center Drive,Newport Beach,CA, 441 OC ," 31,334 ", TI , Competitive , Engineered , Frank , Est. , CA ,3/28/2014," $389,042 "," $339,606 "," $16,210 "," $162,308 "," $4,265 ",,,,,,Awarded,, $- ,,,,,,,,,Turelk,Geoff Dsena,Snyder Langston,,KPRS,,,,,,,,,,,,,,,,,,
14-180,Aviation Capital,Tenant Improvement,840 Newport Center Drive,Newport Beach,CA, 441 OC ,, TI , Competitive , Engineered , Steve  , Est. , CA ,3/28/2014," $435,176 "," $273,087 "," $15,787 "," $144,904 "," $3,455 ",,,,,,Awarded,, $- ,,,,,,,,,Turelk,Geoff Dsena,,,,,,,,,,,,,,,,,,,,,
14-181,Hoag CDU Lighting Upgrade,Lighitng retrofit,1 Hoag Dr.,Newport Beach,CA, 441 OC ,, Hospital , Budget , Design/Build , Rudy , Est. , CA ,3/28/2014," $99,510 ",,,,,,,,,,Unknown,, $- ,,,,,,,,,DEB,Giovani Cangelosi,,,,,,,,,,,,,,,,,,,,,
14-182,TK1SC Server outlets riverside,Add 2 outlets and circuits in server rm,,Riverside,CA, 441 OC ,, TI , Select Bid List , Design/Build , Doyle , S.P. , CA ,3/30/2014," $1,250 ",,,,,,,,,,Awarded,100%, $- ,,,,,,,TK1SC,Ron Zawadski,TK1SC,Ron Zawadski,,,,,,,,,,,,,,,,,,,,,
14-183,TRICO exterior lighting upgrade,Retrofit outside area lights to LED,3100 Pullman Suite A,Costa Mesa,CA, 441 OC ,, Site , Select Bid List , Design/Build , Doyle , S.P. , CA ,4/8/2014," $24,000 ",,,,,,,,,,Not Built,, $- ,,,,,,,,,TRICO,Andy Remo,,,,,,,,,,,,,,,,,,,,,
14-184,Tustin MOB Service,Service call to troubleshoot existing issues,14591 Newport Ave,Tustin,CA, 441 OC ,, TI , Select Bid List , Design/Build , Doyle , S.P. , CA ,4/3/2014, $240 ,,,,,,,,,,Awarded,, $- ,,,,,,,,,,,,,,,,,,,,,,,,,,,,,,,
14-185,Bbraun Duplex AC add,Add a/c to data room in duplex bld,Alton Pwy,Irvine,CA, 441 OC ,, TI , Select Bid List , Design/Build , Doyle , S.P. , CA ,4/3/2014," $6,997 ",,,,,,,,,,Awarded,, $- ,,,,,,,,,Thermalair,Steve Watson,,,,,,,,,,,,,,,,,,,,,
14-186,Regus Cerritos Towne Center #2891,Tenant Improvement,"17777 Center Court Dr., Suite 600",Cerritos,CA, 11 LA ,, TI , Competitive , Engineered , Steve  , Est. , CA ,4/11/2014," $145,187 ", $455 , $430 , $430 ," $2,100 ", $344 ," $1,677 ",,,,Awarded,, $- ,,,,,,,,,CASCO,Hot Chick,,,,,,,,,,,,,,,,,,,,,
14-187,Thales Suite 250,Tenant Improvement,15770 Laguna Canyon Road,Irvine,CA, 441 OC ," 4,173 ", TI , Competitive , Engineered , Rudy , Est. , CA ,4/15/2014," $16,395 "," $1,570 ",,,,,,,,,Awarded,, $- ,,,,,,,Turelk,Craig Powell,,,,,,,,,,,,,,,,,,,,,,,
14-188,LLUMC CT Replacement,Replace existing CT in ER,11234 Anderson Street,Loma Linda,CA, 477 SB ,, Hospital , Competitive , Engineered , Rudy , Est. , CA ,4/22/2014," $66,610 "," $4,575 "," $3,500 ", $960 ,,,,,,,Lost,, $- ,,,,,,,McCarthy,Joel Nassers,,,,,,,,,,,,,,,,,,,,,,,
14-189,AAA panel A replacement,Replace interior for Panel A,3333 Fairview St,Costa Mesa,CA, 441 OC ,, TI , Select Bid List , Design/Build , Doyle , S.P. , CA ,4/14/2014," $2,686 ",,,,,,,,,,Not Built,, $- ,,,,,,,Cushman Wake,Jim Thys,Cushman Wake,Jim Thys,,,,,,,,,,,,,,,,,,,,,
14-190,Mesa Water Conf room floor box,Conference room floor Box,1965 Placentia,Costa Mesa,CA, 441 OC ,, TI , Select Bid List , Design/Build , Doyle , S.P. , CA ,4/14/2014," $5,748 ",,,,,,,,,,Awarded,100%, $- ,,,,,,,T2 Technology ,Brandon Ezell,T2 Technology ,Brandon Ezell,,,,,,,,,,,,,,,,,,,,,
14-191,Epson Carson Surpass Printer Add,Add power for Surpass Printer,18300 Central Ave,Carson,CA, 441 OC ,, TI , Select Bid List , Design/Build , Doyle , S.P. , CA ,4/14/2014," $20,800 ",,,,,,,,,,Not Built,, $- ,,,,,,,Epson,Irene Tice,,,,,,,,,,,,,,,,,,,,,,,
14-192,Bbraun Steralyzer 13 control upgrade,Conrol upgrade Steralyzer 13,2525 McGaw,Irvine,CA, 441 OC ,, Industrial , Select Bid List , Design/Build , Doyle , S.P. , CA ,4/14/2014," $88,770 ",,,,,,,,,,Lost,0%, $- ,,,,,,,Enterprise Auto,Chris Schleich,Enterprise Auto,Chris Schleich,,,,,,,,,,,,,,,,,,,,,
14-193,Banc of California,Tenant Improvement,3300 Hyland Ave.,Costa Mesa,CA, 441 OC ," 183,282 ", TI , Select Bid List , Engineered , Jeff P. , Est. , CA ,4/18/2014," $2,392,258 "," $41,000 "," $52,500 "," $85,000 "," $9,000 ",,,,,,Not Built,, $- ,,,,,,,,,HBC,Sonny Scott,,,,,,,,,,,,,,,,,,,,,
14-194,Hoag HVI Ph2 - 1South Demo,Demo power for vacating space,1 Hoag Dr.,Newport Beach,CA, 441 OC ,, Hospital , Select Bid List , Engineered , Jeff P. , Est. , CA ,4/16/2014," $6,450 ",,,,,,,,,,Awarded,, $- ,,,,,,,,,Align Builders Inc.,Steve Sherrer,,,,,,,,,,,,,,,,,,,,,
14-195,"Williams Sonoma, South Coast Plaza",Tenant Improvement,"3333 Bear St., Space 155",Costa Mesa,CA, 441 OC ," 8,815 ", Comercial , Competitive , Engineered , Steve  , Est. , CA ,4/28/2014," $318,270 "," $13,669 ",,,,,,,,,Lost,, $- ,,,,,,,,,Herst & Sebert,Scott Hurst,,,,,,,,,,,,,,,,,,,,,
14-196,McKesson ,Add 12 cooling fans,,,CA, 441 OC ,, TI , Competitive , Design/Build , Rudy , Est. , CA ,4/16/2014," $20,018 ",,,,,,,,,,Awarded,, $- ,,,,,,,,,HBC,Jim Scrapinato,,,,,,,,,,,,,,,,,,,,,
14-197,Anaheim IPAD Cage,Tenant Improvement,,Anaheim,CA, 441 OC ,, TI , Budget , Design/ Assist , Frank , Est. , CA ,4/16/2014," $1,650 ",,,,,,,,,,Unknown,30%, $- ,,,,,,,,,HBC,Jim Scrapinato,,,,,,,,,,,,,,,,,,,,,
14-198,Pacific Life Breaker Change Out,Service Work,700 Newport Center Drive,Newport Beach,CA, 441 OC ,, Comercial , Negotiated , Design/ Assist , Frank , Est. , CA ,4/16/2014," $17,246 ",,,,,,,,,,Awarded,100%, $- ,,,4/16/2014,J-34-657," $17,246 ",,Pacific Life,Perry Faneuf,,,,,,,,,,,,,,,,,,,,,,,
14-199,Space X Solar City Add,New gear and site work for Tesla and solar,,Los Angeles,CA, 11 LA ,, Comercial , Select Bid List , Engineered , Doyle , S.P. , CA ,4/24/2014," $476,539 ",,,,,,,,,,Awarded,100%, $- ,,,,,,,,,SpaceX,Matt Donoho,,,,,,,,,,,,,,,,,,,,,
14-200,Main Electric Costa Mesa Genset,Install new genset for Costa Mesa Site,3600 W Segerstrom,Costa Mesa,CA, 441 OC ,, Site , Select Bid List , Design/Build , Doyle , S.P. , CA ,4/26/2014," $59,987 ",,,,,,,,,,Not Built,, $- ,,,,,,,,,Main Electric,Rod Knight,,,,,,,,,,,,,,,,,,,,,
14-201,Bbraun Weigh Mix Valve Replacement,Install 2 new and replace 2 valves,2525 McGaw,Irvine,CA, 441 OC ,, Industrial , Select Bid List , Design/Build , Doyle , S.P. , CA ,4/22/2014," $5,983 ",,,,,,,,,,Lost,, $- ,,,,,,,,,Bbraun,Chris Herman,,,,,,,,,,,,,,,,,,,,,
14-202,UCI Eng. Lab FA Replacement,Replace existing Eng. Lab FA system ,,Irvine,CA, 441 OC ,, Fire Alarm , Public Works , Engineered , Rudy , Est. , CA ,4/29/2014," $251,630 ",,,,,,,,,,Lost,, $- ,,,,,,,,,,,,,,,,,,,JAM," $239,500 ",A&H," $246,263 ",Westside," $279,500 ",,,,,,,
14-203,Golden States Food Lobby Remodel,Golden States Food Lobby Remodel,,,CA, 441 OC ,, TI , Select Bid List , Engineered , Rudy , Est. , CA ,4/22/2014," $27,840 ",,,,,,,,,,Awarded,, $- ,,,,,,,,,Turelk,Craig Powel,,,,,,,,,,,,,,,,,,,,,
14-204,Epson outlets 2503 & 5790,Add 4 new outlets,3840 Kilroy Airport Way,Long Beach,CA, 441 OC ,, TI , Select Bid List , Design/Build , Doyle , S.P. , CA ,4/22/2014," $2,382 ",,,,,,,,,,Awarded,100%, $- ,,,,,,,,,Epson,Irene Tice,,,,,,,,,,,,,,,,,,,,,
14-205,PacLife 3rd Floor Office 320 & 321,Tenant Improvement,45 Enterprise,Aliso Viejo,CA, 441 OC ,, TI , Select Bid List , Design/Build , Frank , Est. , CA ,4/25/2014," $2,611 ",,,,,,,,,,Awarded,, $- ,,,,,,,,,Turelk,Geoff DeSena,DBAC,John Somers,,,,,,,,,,,,,,,,,,,
14-206,PacLife Suite 1-6458,Tenant Improvement,700 Newport Center Drive,Newport Beach,CA, 441 OC ,, TI , Select Bid List , Engineered , Frank , Est. , CA ,4/25/2014," $4,449 ",,,,,,,,,,Awarded,, $- ,,,,,,,,,Turelk,Geoff DeSena,DBAC,John Somers,,,,,,,,,,,,,,,,,,,
14-207,PacLife G-7645,Tenant Improvement,700 Newport Center Drive,Newport Beach,CA, 441 OC ,, TI , Select Bid List , Engineered , Frank , Est. , CA ,4/25/2014," $5,176 ",,,,,,,,,,Awarded,, $- ,,,,,,,,,Turelk,Geoff DeSena,DBAC,John Somers,,,,,,,,,,,,,,,,,,,
14-208,East LA College Wire Pulls-Spiniatar,Pull LV wires in ex. Conduit,,Los Angeles,CA, 441 OC ,, TI , Select Bid List , Engineered , Rudy , Est. , CA ,4/25/2014," $3,210 ",,,,,,,,,,Lost,, $- ,,,,,,,,,,,,,,,,,,,,,,,,,,,,,,,
14-209,Compton Parking Structure,New 3 Level Parking Structure,301 N. Tamarind Avenue,Compton,CA, 11 LA ," 171,063 ", Parking Structure , Select Bid List , Engineered , Steve  , Est. , CA ,5/9/2014," $596,928 ",,,,,,,,,,Lost,, $- ,,,,,,,,,Swinerton,Scott Launderdale,,,,,,,,,,,,,,,,,,,,,
14-210,ASM Tenant Improvement,Tenant Improvement,,Anaheim,CA, 441 OC ,, TI , Select Bid List , Engineered , Frank , Est. , CA ,4/29/2014," $30,890 ",,,,,,,,,,Awarded,, $- ,,,,,,,,,HBC,Jim Scrapinato,,,,,,,,,,,,,,,,,,,,,
14-211,PacLife Suite 3-6622,Tenant Improvement,700 Newport Center Drive,Newport Beach,CA, 441 OC ,, TI , Select Bid List , Engineered , Frank , Est. , CA ,4/25/2014, $377 ,,,,,,,,,,Awarded,, $- ,,,,,,,,,,,,,,,,,,,,,,,,,,,,,,,
14-212,Baxter AC1 Unite Motor connection,Replace whip to motor,,Los Angeles,CA, 441 OC ,, Industrial , Select Bid List , Design/Build , Doyle , S.P. , CA ,4/25/2014," $1,300 ",,,,,,,,,,Awarded,100%, $- ,,,,,,,,,,,,,,,,,,,,,,,,,,,,,,,
14-213,Hoag Helth Center Aliso Viejo,,,Aliso Viejo,CA, 441 OC ," 2,901 ", TI , Competitive , Engineered , Frank , Est. , CA ,5/7/2014," $52,529 ",,,,,,,,,,Unknown,30%, $- ,,,,,,,,,Layton Const.,,,,,,,,,,,,,,,,,,,,,,
14-214,Riot Games Phase 1,Tenant Improvement,,Santa Monica,CA, 441 OC ,, TI , Select Bid List , Engineered , Jeff P. , Est. , CA ,5/8/2014," $2,257,233 ",,,,,,,,,,Lost,, $- ,,,,,,,HBC,Tom Listrud,HBC,Tom Listrud,,,,,,,,,Obryant,,,,,,,,,,,,
14-215,Timet machine reolcation,relocate 4 machines to Tustin,14281 Franklin Ave,Tustin,CA, 441 OC ,, Comercial , Select Bid List , Design/Build , Doyle , S.P. , CA ,5/2/2014," $9,585 ",,,,,,,,,,Lost,, $- ,,,,,,,,,Timet,Alex Prado,,,,,,,,,,,,,,,,,,,,,
14-216,Thales 58 Discovery - SSS-HR,Tenant Improvement,58 Discovery,Irvine,CA, 441 OC ,, TI , Competitive , Engineered , Frank , Est. , CA ,5/7/2014," $84,578 "," $5,404 "," $17,670 ",,,,,,,,Awarded,30%, $- ,,,,,,,,,Turelk,Craig Powell,,,,,,,,,,,,,,,,,,,,,
14-217,Magnaflow new circuits,Add new panel and circuits,23201 Antonio Parkway,Rancho Santa Marg,CA, 441 OC ,, Industrial , Select Bid List , Design/Build , Doyle , S.P. , CA ,5/7/2014,9690," $1,300 ",,,,,,,,,Lost,10%, $- ,,,,,,,,,Magnaflow,Paymon Rahimi,,,,,,,,,,,,,,,,,,,,,
14-218,Epson Long Beach Conf room lighting,Rework ceiling lighting for conf. room,3840 Kilroy Airport Way,Long Beach,CA, 441 OC ,, TI , Select Bid List , Design/Build , Doyle , S.P. , CA ,5/9/2014," $5,791 ",,,,,,,,,,Awarded,100%, $- ,,,,,,,,,Epson,Irene Tice,,,,,,,,,,,,,,,,,,,,,
14-219,AAA LA new circuits,Add new circuits and outlets,2601 South Figueroa Street,Los Angeles,CA, 441 OC ,, TI , Select Bid List , Design/Build , Doyle , S.P. , CA ,5/9/2014," $1,270 ",,,,,,,,,,Lost,, $- ,,,,,,,,,AAA LA,Scott Beach,,,,,,,,,,,,,,,,,,,,,
14-220,Spec Building Service Upgrade,Upgrade service and new feeder,4022 Conant,Long Beach,CA, 441 OC ,, TI , Budget , Design/Build , Doyle , S.P. , CA ,5/9/2014," $118,725 ",,,,,,,,,,Unknown,, $- ,,,,,,,,,,,,,,,,,,,,,,,,,,,,,,,
14-221,BBM Chiller #5 Replacment,Chiller Upgrade,2525 McGaw,Irvine,CA, 441 OC ,, Industrial , Competitive , Engineered , Frank , Est. , CA ,6/4/2014," $76,845 ",,,,,,,,,,Awarded,30%, $- ,,,,,,,B|Braun,Steve Hewes,,,,,,,,,,,CSI,,Tiger,,,,,,,,,,
14-222,Tower of Hope TI,Tenant Improvement,12141 Lewis Street,Orange,CA, 441 OC ," 28,000 ", TI , Competitive , Engineered , Frank , Est. , CA ,5/21/2014," $223,746 "," $42,604 ",,,,,,,,,Lost,, $- ,,,,,,,,,Cannon,Eliot Hasen,,,,,,,,,,,,,,,,,,,,,
14-223,Bbraun Excell unload conveyor Widening for Can Lines,Conveyor replacement project,2525 McGaw,Irvine,CA, 441 OC ,, Specialty , Select Bid List , Design/ Assist , Doyle , S.P. , CA ,5/16/2014," $63,000 "," $189,000 ",,,,,,,,,Not Built,, $- ,6/12/2014,7/5/2014,,,,,,,Can Lines,Jeff Nelson,,,,,,,,,,,,,,,,,,,,,
14-224,"Los Cerritos Center, Phase 1",Service upgrades and sitework,239 Los Cerritos Center,Cerritos,CA, 11 LA ,, Comercial , Competitive , Engineered , Rudy , Est. , CA ,5/21/2014, $- ,,,,,,,,,,Not Bid,, $- ,,,,,,,,,Whiting Turner,Sean Kaford,,,,,,,,,,,,,,,,,,,,,
14-225,Baxter July shutdown work,Misc work for shut down,4501 Colorado Blvd,Los Angeles,CA, 441 OC ,, Industrial , Select Bid List , Design/Build , Doyle , S.P. , CA ,5/19/2014," $18,489 ",,,,,,,,,,Awarded,, $- ,,,,,,,,,Baxter,Sevan K.,,,,,,,,,,,,,,,,,,,,,
14-226,Hoag HVI Ph 2 - Outpatient Clinic,Outpatient clinic,1 Hoag Dr.,Newport Beach,CA, 441 OC ," 9,000 ", Hospital , Competitive , Engineered , Rudy , Est. , CA ,5/30/2014," $248,200 "," $6,450 "," $10,000 "," $7,000 ",,,,,,,Awarded,, $- ,,,,,,,,,Questar,Steve Logan,Align Builders Inc.,Steve Sherer,Swinerton,Larry Rangithsch,Miles & Kelly,Delayna Deaner,,,,,,,,,,,,,,,
14-227,Aurora Las Encinas Parking Structure,New paring structure,2900 E. Del Mar Blvd.,Pasadena,CA, 11 LA ," 47,200 ", Parking Structure , Competitive , Engineered , Rudy , Est. , CA ,6/4/2014, $- ,,,,,,,,,,Not Bid,, $- ,,,,,,,,,Whiting Turner,Kevin Flynn,,,,,,,,,,,,,,,,,,,,,
14-228,Valley View MS Solar ,P.V. Solar,3347 Tapo Street,Simi Valley,CA, 11 LA , 324kW , Specialty , Competitive , Engineered , Frank , Est. , CA ,5/30/2014," $211,881 ",,,,,,,,,,Lost,30%, $- ,6/23/2014,7/16/2014,,,,,,,SolarCity,Matt Derham,,,,,,,,,,,,,,,,,,,,,
14-229,Hotel Irvine,Renovations at first floor and site,17900 Jamboree Road,Irvine,CA, 441 OC ,, Comercial , Competitive , Engineered , Steve  , Est. , CA ,5/30/2014," $1,087,537 ",,,,,,,,,,Awarded,, $- ,,,,,,,,,Snyder Langston,Monica Fuscaldo,,,,,,,,,,,,,,,,,,,,,
14-230,Chapman Medical Office Outlet replacement,Replace 3 outlets and breakers,101 City Center Bld 55,Orange,CA, 441 OC ,, TI , Select Bid List , Design/Build , Doyle , S.P. , CA ,5/23/2014, $527 ,,,,,,,,,,Lost,, $- ,,,,,,,,,Chapman,Ed Blatchford,,,,,,,,,,,,,,,,,,,,,
14-231,Lucerne Valley Poultry House Lighting,New lighting for new poultry house,,Lucerne Valley,CA, 441 OC ,, Comercial , Budget , Design/Build , Doyle , S.P. , CA ,5/23/2014," $14,800 "," $14,800 "," $14,800 ",,,,,,,,Lost,, $- ,,,,,,,,,Marty Zaritsky,,,,,,,,,,,,,,,,,,,,,,
14-232,Epson Carson Time Clock Power,New outlets for time clock system,18300 Central Ave,Carson,CA, 441 OC ,, TI , Select Bid List , Design/Build , Doyle , S.P. , CA ,5/23/2014," $1,170 ", $870 , $480 ,,,,,,,,Awarded,100%, $- ,,,,,,,,,Epson,Farid Laghaei ,,,,,,,,,,,,,,,,,,,,,
14-233,Riot Games Bldg. #1 & 2,Tenant Improvement,1901 & 125 S. Bundy,Los Angeles,CA, 11 LA ," 50,704 ", Comercial , Competitive , Engineered , Jeff P. , Est. , CA ,6/4/2014," $3,123,000 ",,,,,,,,,,Lost,, $- ,,,,,,,,,,,,,,,,,,,,,,,,,,,,,,,
14-234,Riot Games Bldg. #4,Tenant Improvement,12333 W. Olympic,Los Angeles,CA, 11 LA ," 147,641 ", Comercial , Competitive , Engineered , Jeff P. , Est. , CA ,6/4/2014," $7,013,000 ",,,,,,,,,,Lost,, $- ,,,,,,,,,,,,,,,,,,,,,,,,,,,,,,,
14-235,Riot Games Bldg. #5,Tenant Improvement,1861 S. Bundy,Los Angeles,CA, 11 LA ," 40,690 ", Comercial , Competitive , Engineered , Jeff P. , Est. , CA ,6/4/2014," $1,736,000 ",,,,,,,,,,Lost,, $- ,,,,,,,,,,,,,,,,,,,,,,,,,,,,,,,
14-236,Myford site survey,Survey existing electrical circuits,14191 Myford,Tustin,CA, 441 OC ,, TI , Select Bid List , Design/Build , Doyle , S.P. , CA ,6/1/2014," $4,000 ",,,,,,,,,,Awarded,, $- ,,,,,,,DPR,David Arellano,DPR,David Arellano,,,,,,,,,,,,,,,,,,,,,
14-237,GE Moble Water,,,Fontana,Ca, 477 SB ,, Industrial , Select Bid List , Engineered , Jeff P. , Est. , CA ,, $- ,,,,,,,,,,Not Bid,, $- ,,,,,,,,,,,,,,,,,,,,,,,,,,,,,,,
14-238,College Hospial AC Buck Boost Transf,Panel 3 Cir 16/18 buck boost transf,301 Victoria,Costa Mesa,CA, 441 OC ,, TI , Select Bid List , Design/Build , Doyle , S.P. , CA ,6/3/2014," $1,380 ",,,,,,,,,,Awarded,, $- ,,,,,,,,,College Hospital,Anthony Gonzalez,,,,,,,,,,,,,,,,,,,,,
14-239,College Hospital Copier Circuits,New circuits for new copiers,301 Victoria,Costa Mesa,CA, 441 OC ,, TI , Select Bid List , Design/Build , Doyle , S.P. , CA ,6/4/2014," $2,857 ",,,,,,,,,,Awarded,, $- ,,,,,,,,,College Hospital,Anthony Gonzalez,,,,,,,,,,,,,,,,,,,,,
14-240,2790 Harbor IR scan report,IR scan and report,2790 Harbor,Costa MEsa,CA, 441 OC ,, TI , Select Bid List , Design/Build , Doyle , S.P. , CA ,6/4/2014," $1,780 ",,,,,,,,,,Not Built,, $- ,,,,,,,,,Harbor Mgmt,Jacin Tong,,,,,,,,,,,,,,,,,,,,,
14-241,SpaceX 4160 Gear and duct bank budget,Install duct bank and 4160 gear,1 Rocket Road,Hawthorne,CA, 11 LA ,, Comercial , Budget , Design/ Assist , Doyle , S.P. , CA ,6/4/2014," $556,210 "," $161,300 ",,,,,,,,,Not Built,, $- ,,,,,,,,,SpaceX,Edgar Melgoza,,,,,,,,,,,,,,,,,,,,,
14-242,Thales - 48 Discovery 2nd Floor,,48n Discovery,Irvine,CA, 441 OC ,, TI , Competitive , Engineered , Steve  , Est. , CA ,6/6/2014," $82,227 ",,,,,,,,,,Lost,, $- ,,,,,,,,,Turelk,Craig Powell,,,,,,,,,,,,,,,,,,,,,
14-243,Thales Compressor Dryer,New circuit for new dryer ,58 Discovery,Irvine,CA, 441 OC ,, TI , Select Bid List , Design/Build , Doyle , S.P. , CA ,6/4/2014," $3,808 ",,,,,,,,,,Awarded,, $- ,,,,,,,,,Thales,Tim Gray,,,,,,,,,,,,,,,,,,,,,
14-244,Pac Life - 5th Floor ,Reconfigure Furniture,700 Newport Center Drive,Irvine,CA, 441 OC ,, TI , Competitive , Design/Build , Steve  , Est. , CA ,6/5/2014," $3,636 "," $4,818 ",,,,,,,,,Unknown,, $- ,,,,,,,,,DBAC,Phin Banning,,,,,,,,,,,,,,,,,,,,,
14-245,Deutsche Bank Server room work,Work in server room,St Anderews Place,Santa Ana,CA, 441 OC ,, TI , Select Bid List , Design/Build , Doyle , S.P. , CA ,6/6/2014," $1,980 "," $1,200 ", $855 ,,,,,,,,Awarded,, $- ,,,,,,,,,Deutche Bank,Mike Schroder,,,,,,,,,,,,,,,,,,,,,
14-246,Deutsche Bank Lighting Relamp,Relamp existing fixtures,St Anderews Place,Santa Ana,CA, 441 OC ,, TI , Select Bid List , Design/Build , Doyle , S.P. , CA ,6/10/2014," $2,200 "," $2,200 "," $2,200 ",,,,,,,,Not Built,, $- ,,,,,,,,,Deutche Bank,Mike Schroder,,,,,,,,,,,,,,,,,,,,,
14-247,Deutsche Bank P1E circuit to mail room ,New 208 volt 20 amp circuit to mail room,St Anderews Place,Santa Ana,CA, 441 OC ,, TI , Budget , Design/Build , Doyle , S.P. , CA ,5/31/2014," $3,000 ",,,,,,,,,,Awarded,, $- ,,,,,,,Deutche Bank,Mike Schroder,Deutche Bank,Mike Schroder,,,,,,,,,,,,,,,,,,,,,
14-248,UHG Generator Replacement,Replace generator and distribtuion,,Los Alamitos,CA, 441 OC ,, TI , Select Bid List , Engineered , Doyle , S.P. , CA ,6/10/2014," $158,800 ",,,,,,,,,,Lost,1%, $- ,,,,,,,,,DEB,Matt Stewart,,,,,,,,,,,,,,,,,,,,,
14-249,Office suite inspection,Inspect office suite,1033 E. Imperial Hwy,Placentia,CA, 441 OC ,, TI , Select Bid List , Design/Build , Doyle , S.P. , CA ,6/10/2014, $850 ,,,,,,,,,,Awarded,75%, $- ,,,,,,,,,,,,,,,,,,,,,,,,,,,,,,,
14-250,OCMMC Emergency Generator Replacement,Generator and service replacement,9920 Talbert Ave.,Fountain Valley,CA, 441 OC ,, Hospital , Competitive , Engineered , Frank , Est. , CA ,6/24/2014," $1,494,032 ",,,,,,,,,,Lost,30%, $- ,,,,,,,,,Cannon,Kevin Zhu,Miles & Kelly,Delayna Deaner,Tiller Construction,Melissa Dominguez,DLS,Doina Leonte,,,,,,,,,,,,,,,
14-251,Edwards Life Sciences 4 Story,New 4 Story Core and Shell ,,Ivrine,CA, 441 OC ,, Comercial , Competitive , Engineered , Ron , P.M. , CA ,6/20/2014," $1,525,104 ",,,,,,,,,,Lost,, $- ,,,,,,,,,CW Driver,,,,,,,,,,,,,,,,,,,,,,
14-252,Blizzard Restack B2_F2,TI remodle,16225 Alton,Irvine,CA, 441 OC ,, TI , Competitive , Design/Build , Ron , P.M. , CA ,6/18/2014," $95,832 ",,,,,,,,,,Awarded,, $- ,,,,,,,,,HBC,Nima Namdar,,,,,,,,,,,,,,,,,,,,,
14-253,Epson 4th Floor,,,Irvine,CA, 441 OC ,, TI , Select Bid List , Engineered , Frank , Est. , CA ,6/26/2014," $20,801 "," $1,853 "," $2,180 "," $2,341 "," $3,049 ",,,,,,Awarded,80%, $- ,,,,,,,,,HBC,Jim Scarpinato,,,,,,,,,,,,,,,,,,,,,
14-254,AAA La Quinta 7 day load study,7 day load study ,,La Quinta,CA, 441 OC ,, TI , Select Bid List , Design/Build , Doyle , S.P. , CA ,6/13/2014," $2,800 ",,,,,,,,,,Not Built,, $- ,,,,,,,,,AAA,Jim Thys,,,,,,,,,,,,,,,,,,,,,
14-255,500 State College Xerox,Tenant Improvement,500 State College,Orange,CA, 441 OC ," 101,919 ", TI , Competitive , Engineered , Rudy , Est. , CA ,3/18/2015," $935,189 "," $906,684 "," $6,186 "," $10,950 "," $19,664 ",,,,,,Lost,1%, $- ,,,,,,,,,Turelk,Jeff Turi,CDG,Chris DeFazio,,,,,,,,,,,,,,,,,,,
14-256,Newport Lido Suite 110 surgery center rehab,Update surgery center for re-opon,351 Hospital Road,Newport Beach,CA, 441 OC ,, Hospital , Budget , Design/ Assist , Doyle , S.P. , CA ,6/17/2014," $96,250 ",,,,,,,,,,Not Built,, $- ,,,,,,,,,Newport Lido,Madonna Molinari,,,,,,,,,,,,,,,,,,,,,
14-257,Newport Lido bld 351 and 361 recert for building mains,Test building main GFCI,351 Hospital Road,Newport Beach,CA, 441 OC ,, TI , Negotiated , Design/Build , Doyle , S.P. , CA ,6/17/2014," $4,900 "," $4,000 ",,,,,,,,,Awarded,50%, $- ,,,,,,,,,Newport Lido,Madonna Molinari,,,,,,,,,,,,,,,,,,,,,
14-258,Telecom system new circuits,New outlets for server equipment,,,CA, 441 OC ,, TI , Negotiated , Design/Build , Doyle , S.P. , CA ,6/17/2014," $2,000 ",,,,,,,,,,Awarded,, $- ,,,,,,,,,,,,,,,,,,,,,,,,,,,,,,,
14-259,La Paz Phyc Hospital Load Study,6 load studies,8836 Vans St,Paramount,CA, 441 OC ,, Hospital , Select Bid List , Design/Build , Doyle , S.P. , CA ,6/17/2014," $6,500 ",,,,,,,,,,Awarded,, $- ,,,,,,,La Paz Hospital,Rick Benedict,La Paz Hospital,Rick Benedict,,,,,,,,,,,,,,,,,,,,,
14-260,Blizzard Restack B3F2,Tenant Improvement,16225 Alton,Irvine,CA, 441 OC ,, TI , Select Bid List , Design/Build , Frank , Est. , CA ,6/20/2014," $76,822 ",,,,,,,,,,Unknown,30%, $- ,,,,,,,,,HBC,Nima Namdar,,,,,,,,,,,,,,,,,,,,,
14-261,SpaceX Server room generator project,Add Generator for server room,1 Rocket Road,Hawthorne,CA, 11 LA ,, Industrial , Select Bid List , Design/ Assist , Doyle , S.P. , CA ,6/20/2014," $323,510 "," $12,000 ",,,,,,,,,Awarded,80%, $- ,,,,,,,SpaceX,Edgar Mendoza,SpaceX,Edgar Mendoza,,,,,,,,,,,,,,,,,,,,,
14-262,SpaceX 1540 Substation addition,New substation addtion bld 1540,1 Rocket Road,Hawthorne,CA, 11 LA ,, Industrial , Select Bid List , Design/ Assist , Doyle , S.P. , CA ,6/20/2014," $371,560 ",,,,,,,,,,Not Built,, $- ,,,,,,,SpaceX,Edgar Mendoza,SpaceX,Edgar Mendoza,,,,,,,,,,,,,,,,,,,,,
14-263,Epson Carson Relamp warehouse fixtures,Relamp warehouse fixtures,18300 Central Ave,Carson,CA, 11 LA ,, TI , Select Bid List , Design/Build , Doyle , S.P. , CA ,6/17/2014," $6,250 ",,,,,,,,,,Lost,, $- ,,,,,,,,,Epson,Nia Smith,,,,,,,,,,,,,,,,,,,,,
14-264,Bbraun Primary gear service during outage,Service primary gear during shut down,2525 McGaw,Irvine,CA, 441 OC ,, Specialty , Select Bid List , Design/ Assist , Doyle , S.P. , CA ,6/17/2014," $89,800 ",,,,,,,,,,Not Built,, $- ,,,,,,,,,Bbraun,Steven Schmidt,,,,,,,,,,,,,,,,,,,,,
14-265,St Pauls 4' lamp LED retrofit,Retrofit 4' flor lamps with LED,4949 Alton Pkwy,Irvine,CA, 441 OC ,, TI , Select Bid List , Design/Build , Doyle , S.P. , CA ,6/21/2014," $29,330 ",,,,,,,,,,Not Built,, $- ,,,,,,,,,Theo Pacific,Nick Konopisis,,,,,,,,,,,,,,,,,,,,,
14-266,Gurr property inspection,Attic and visual inspection of property,143 Briarwood,Irvine,CA, 441 OC ,, TI , Competitive , Design/Build , Doyle , S.P. , CA ,6/21/2014, $240 ,,,,,,,,,,Lost,, $- ,,,,,,,,,,Clarinda Gurr,,,,,,,,,,,,,,,,,,,,,
14-267,Bbraun excel line 2 drive modification,Assist Can Lines with drive replacment,2525 McGaw,Irvine,CA, 441 OC ,, Industrial , Select Bid List , Design/Build , Doyle , S.P. , CA ,6/22/2014," $3,300 ",,,,,,,,,,Unknown,10%, $- ,,,,,,,,,Can Lines,Jeff Nelson,,,,,,,,,,,,,,,,,,,,,
14-268,Bbraun exceed reject converyor relocation,Electrical to move on converyor piece,2525 McGaw,Irvine,CA,441 OC,, Industrial , Select Bid List , Design/Build , Doyle , S.P. , CA ,6/22/2014," $2,100 ",,,,,,,,,,Unknown,10%, $- ,,,,,,,,,Can Lines,Jeff Nelson,,,,,,,,,,,,,,,,,,,,,
14-269,Bbraun Panel PLI area 2 new exhaust fans,Add 2 exhaust fans in PLI duplex area,2525 McGaw,Irvine,CA,441 OC,, Industrial , Select Bid List , Design/Build , Doyle , S.P. , CA ,6/22/2014," $7,898 ",,,,,,,,,,Awarded,, $- ,,,,,,,,,Bbraun,Ravi Patel,,,,,,,,,,,,,,,,,,,,,
14-270,Cbeyond new outlet,Add new outlet,2400 Katella suite 600,Anaheim,CA, 441 OC ,, TI , Select Bid List , Design/Build , Doyle , S.P. , CA ,6/22/2014," $1,233 ",,,,,,,,,,Lost,, $- ,,,,,,,,,Cbeyond,Mario Landeros,,,,,,,,,,,,,,,,,,,,,
14-271,HHI Nurse Call,Nurse Call system replacement,16200 Sand Canyon Ave,Irvine,CA, 441 OC ,, Hospital , Select Bid List , Engineered , Rudy , Est. , CA ,6/25/2014," $65,725 ",,,,,,,,,,Awarded,, $- ,,,,,,,,,Jacobs,Rick Hodgson,,,,,,,,,,,,,,,,,,,,,
14-272,"Thales 48 Discovery, 1st Floor",Tenant Improvement,48 Discovery,Irvine,CA, 441 OC ,, TI , Competitive , Engineered , Frank , Est. , CA ,6/27/2014," $63,921 "," $9,700 "," $3,622 ",,,,,,,,Awarded,30%, $- ,,,,,,,,,Turelk,Craig Powell,,,,,,,,,,,,,,,,,,,,,
14-273,Telepacific Circuit for CO2.12 rack,Add new circuit and outlet to rack,72 Corporate Park,Irvine,CA, 441 OC ,, TI , Select Bid List , Design/Build , Doyle , S.P. , CA ,6/27/2014," $1,450 ", $500 ,,,,,,,,,Awarded,, $- ,,,,,,,,,Telepacific,Pat Johnson,,,,,,,,,,,,,,,,,,,,,
14-274,Westminster PD and City Yard,New City Yard,14381 Olive St,Westminster,CA, 441 OC ,, Comercial , Public Works , Engineered , Rudy , Est. , CA ,7/30/2014, $- ,,,,,,,,,,Not Bid,, $- ,,,,,,,,,,,,,,,,,,,,,,,,,,,,,,,
14-275,ASICS TI,Tenant Improvement of two (2) existing buildings,80 Technology Drive ,Irvine,CA, 441 OC ," 119,088 ", TI , Competitive , Engineered , Rudy , Est. , CA ,7/8/2014," $980,965 "," $32,020 "," $3,270 "," $27,915 ",,,,,,,Lost,, $- ,,,,,,,,,Snyder Langston,Jim Jaquette,,,,,,,,,,,,,,,,,,,,,
14-276,Deutsche Bank IR Scan,IR scan for gear,St Anderews Place,Santa Ana,CA, 441 OC ,, TI , Negotiated , Design/ Assist , Doyle , S.P. , CA ,7/1/2014," $3,860 ",,,,,,,,,,Awarded,100%, $- ,,,,,,,JLL,Brad Gaston,JLL,Brad Gaston,,,,,,,,,,,,,,,,,,,,,
14-277,Deutsche Bank Yearly PM,PM for site gear,St Anderews Place,Santa Ana,CA, 441 OC ,, TI , Negotiated , Design/ Assist , Doyle , S.P. , CA ,7/1/2014," $2,990 ",,,,,,,,,,Awarded,100%, $- ,,,,,,,JLL,Brad Gaston,JLL,Brad Gaston,,,,,,,,,,,,,,,,,,,,,
14-278,OCC Theater Dimmer Panel Replacment,Replace customer furn dimmer panel,Fairview & Adams,Costa Mesa,CA, 441 OC ,, Comercial , Select Bid List , Design/Build , Doyle , S.P. , CA ,7/8/2014," $9,800 ",,,,,,,,,,Awarded,, $- ,,,,,,,OCC,Randy Key,OCC,Randy Key,,,,,,,,,,,,,,,,,,,,,
14-279,Harbor Plaza Electrical Building upgrade,Power upgrade for exsitng building,2790 Harbor Dr,Costa Mesa,CA, 441 OC ,, TI , Select Bid List , Engineered , Doyle , S.P. , CA ,7/15/2014," $64,240 ",,,,,,,,,,Lost,, $- ,,,,,,,,,,,,,,,,,,,,,,,,,,,,,,,
14-280,Hoag Irvine MOB Shell,Site & Shell for 4 ground up bldgs.,,Irvine,CA, 441 OC ,, Shell , Select Bid List , Engineered , Steve  , Est. , CA ,7/28/2014," $1,735,721 ",,,,,,,,,,Awarded,95%, $- ,,,,,,,,,Hensel Phelps,Jim Haugness,Snyder Langston,Lee Watkins,Milly & Serverson,Julio Martinez,,,,,,,,,,,,,,,,,
14-281,Mazda USA Cafeteria AV project,new cable for cafeteria,7755 Irvine Center Dr,Irvine,CA, 441 OC ,, TI , Select Bid List , Design/Build , Doyle , S.P. , CA ,7/8/2014," $5,974 ",,,,,,,,,,Awarded,, $- ,,,,,,,,,Mazda,Brian Trombley,,,,,,,,,,,,,,,,,,,,,
14-282,Blizard Building #6 Video Post production,Remodle existing space,16245 Laguna Canyon Rd,Irvine,CA, 441 OC ,, TI , Select Bid List , Engineered , Ron , P.M. , CA ,7/8/2014," $34,500 ",,,,,,,,,,Awarded,, $- ,,,,,,,,,,,,,,,,,,,,,,,,,,,,,,,
14-283,HHNB Radiology Bi-Plane Equipment Replacement,Radiology room remodel,1 Hoag Dr.,Newport Beach,CA, 441 OC ,, Hospital , Competitive , Engineered , Jeff S. , P.M. , CA ,7/11/2014," $49,184 ",,,,,,,,,,Awarded,, $- ,,1/1/1900,,,,,,,AV,Arees Akoubian,DEB,Justin Sandoval,Whiting Turner,Mark Dupray,,,,,,,,,,,,,,,,,
14-284,Hoag CDRC Residential,Renovation of common areas ,1 Hoag Dr.,Newport Beach,CA, 441 OC ," 8,760 ", Hospital , Select Bid List , Engineered , Rudy , Est. , CA ,7/21/2014," $315,000 "," $2,300 ",,,,,,,,,Awarded,,,,,,,,,Miles & Kelly,,DEB,Matt Stewart,,,,,,,,,,,,,,,,,,,,,
14-285,Santa Ana College Site Improvements,Switchgear Upgrade,1530 W. 17th Street,Santa Ana,CA, 441 OC ,, Site , Budget , Engineered , Frank , Est. , CA ,7/11/2014," $2,627,476 ",,,,,,,,,,Unknown,10%, $- ,,,,,,,,,Hensel Phelps,Sean O'Mara,,,,,,,,,,,,,,,,,,,,,
14-286,Epson Verizon Conduit,Conduit for Verizon Fiber,,Long Beach,CA, 441 OC ,, TI , Select Bid List , Design/Build , Frank , Est. , CA ,7/10/2014," $24,752 ",,,,,,,,,,Unknown,5%, $- ,,,,,,,,,HBC,Jim Scarpinato,,,,,,,,,,,,,,,,,,,,,
14-287,Newport Beach Country Club,New club house and site work,1600 E. Coast Hwy,Newport Beach,CA, 441 OC ," 63,500 ", Comercial , Competitive , Engineered , Rudy , Est. , CA ,7/28/2014," $2,906,260 "," $32,023 "," $2,900 "," $117,715 "," $47,836 ",,,,,,Lost,, $- ,,,,,,,Driver SPG,,McCarthy,,Driver SPG,,Rudolph & Sletten,,,,,,Sunwest," $1,900,000 ",?," $2,100,000 ",,,,,,,,,
14-288,Bbraun door open alarm for 5 door sets,Add alarm for 5 existing door sets,2525 McGaw,Irvine,CA, 441 OC ,, Comercial , Select Bid List , Design/Build , Doyle , S.P. , CA ,7/10/2014," $11,882 "," $4,560 ",,,,,,,,,Awarded,, $- ,,,,,,,Bbraun,Nima Byan,Bbraun,Nima Byan,,,,,,,,,,,,,,,,,,,,,
14-289,SpaceX Wilkie panel C replacment,Replace Panel C Wilkie bld,1 Rocket Road,Hawthorne,CA, 11 LA ,, Comercial , Select Bid List , Design/ Assist , Doyle , S.P. , CA ,8/30/2014," $15,940 ",,,,,,,,,,Not Built,, $- ,,,,,,,,,SpaceX,Edgar Melgoza,,,,,,,,,,,,,,,,,,,,,
14-290,Blizzard Bldg. 10 Fiber,UG Boring & Conduit,,Irvine,CA, 441 OC ,, Comercial , Negotiated , Engineered , Jeff P. , Est. , CA ,7/11/2014," $14,500 ",,,,,,,,,,Awarded,, $- ,,,,,,,,,Briggs Datacom,My,,,,,,,,,,,,,,,,,,,,,
14-291,Kaiser Temecula MOB,MOB Project Frog,,Temecula,CA, 441 OC ," 9,365 ", Comercial , Competitive , Design/Build , Jeff P. , Est. , CA ,8/6/2014," $658,056 ",,,,,,,,,,Lost,, $- ,,,,,,,,,GKK,Ross Harvery,Layton Const.,Tom Bethman,Swinerton,,,,,,,,,,,,,,,,,,
14-292,McKesson Freezer,Hook up Walk in Freezer,,Santa Fe Springs,CA, 441 OC ,, Comercial , Negotiated , Design/Build , Frank , Est. , CA ,7/17/2014, $- ,,,,,,,,,,Awarded,, $- ,,,,,,,,,,,,,,,,,,,,,,,,,,,,,,,
14-293,EMC2 starline buss plug repair,repair 40 starline buss outlets,135 Technology,Irvine,CA, 441 OC ,, TI , Select Bid List , Design/Build , Doyle , S.P. , CA ,7/17/2014," $4,794 ",,,,,,,,,,Awarded,, $- ,,,,,,,,,,,,,,,,,,,,,,,,,,,,,,,
14-294,Telepacific white road outlet modification,Modify (4) outlets ,2698 White Road,Irvine,CA, 441 OC ,, TI , Select Bid List , Design/Build , Doyle , S.P. , CA ,7/17/2014," $1,580 ",,,,,,,,,,Awarded,, $- ,,,,,,,,,,,,,,,,,,,,,,,,,,,,,,,
14-295,Macy's Renovation,,2810 N. Main Street,Santa Ana,CA, 441 OC ,, Fire Alarm , Select Bid List , Engineered , Ron , P.M. , CA ,7/21/2014," $35,500 ",,,,,,,,,,Lost,, $- ,,,,,,,,,,,,,,,,,,,,,,,,,,,,,,,
14-296,Chapman Residence Hall Chller Power Troubleshoot,Trouble shoot power to chiller,1 University,Orange,CA, 441 OC ,, TI , Select Bid List , Design/Build , Doyle , S.P. , CA ,7/23/2014, $430 ,,,,,,,,,,Lost,, $- ,,,,,,,,,,,,,,,,,,,,,,,,,,,,,,,
14-297,OCC District office copier circuit,New copier circuit in district office,Fairview & Adams,Costa Mesa,CA, 441 OC ,, TI , Select Bid List , Design/Build , Doyle , S.P. , CA ,7/22/2014," $1,656 ",,,,,,,,,,Awarded,, $- ,,,,,,,,,,,,,,,,,,,,,,,,,,,,,,,
14-298,OCC server room power outlets,Server room outlets,Fairview & Adams,Costa Mesa,CA, 441 OC ,, TI , Select Bid List , Design/Build , Doyle , S.P. , CA ,7/22/2014," $7,700 ",,,,,,,,,,Not Built,, $- ,,,,,,,,,,,,,,,,,,,,,,,,,,,,,,,
14-299,Costar remove logo sign power,Make safe and remove logo sign power,3161 Michelson,Irvine,CA, 441 OC ,, TI , Select Bid List , Design/Build , Doyle , S.P. , CA ,7/23/2014, $240 ,,,,,,,,,,Awarded,, $- ,,,,,,,,,Turelk,Jim Quinn,,,,,,,,,,,,,,,,,,,,,
14-300,Christ Cathedral,Chruch Remodel,,Orange,CA, 441 OC ,, Specialty , Budget , Engineered , Frank , Est. , CA ,8/30/2014," $11,932,813 ",,,,,,,,,,Lost,1%, $- ,,,,,,,,,McCarthy,Paul Kinsley,Snyder Langston,,,,,,,,,,,,,,,,,,,,
14-301,Telcom Systems Kitchen Outlets,Add 3 new circuits in Kitchen area,6A Liberty St,Aliso Viejo,CA, 441 OC ,, TI , Select Bid List , Design/Build , Doyle , S.P. , CA ,7/24/2014," $1,100 ",,,,,,,,,,Not Built,, $- ,,,,,,,,,Telcom System,Jennifer Kirby,,,,,,,,,,,,,,,,,,,,,
14-302,Bbraun exceed exit door alarms,Add 3 door alarms,2525 McGaw,Irvine,CA, 441 OC ,, Comercial , Select Bid List , Design/Build , Doyle , S.P. , CA ,8/5/2014," $3,988 ",,,,,,,,,,Awarded,, $- ,,,,,,,,,Bbraun,Steve Hewes,,,,,,,,,,,,,,,,,,,,,
14-303,Mazda USA 4th floor printer outelt,Add new circuit and outlet for printer,7755 Irvine Center Dr,Irvine,CA, 441 OC ,, TI , Select Bid List , Design/Build , Doyle , S.P. , CA ,8/12/2014," $1,116 ",,,,,,,,,,Awarded,, $- ,,,,,,,,,Mazda,Ken Cogliano,,,,,,,,,,,,,,,,,,,,,
14-304,Pacific Life Ground Floor Facilities TI,Tenant Improvement,700 Newport Center Drive,Newport Beach,CA, 441 OC ,, TI , Select Bid List , Engineered , Frank , Est. , CA ,8/12/2014," $5,550 ",,,,,,,,,,Awarded,100%, $- ,,,,,,,DBAC,,DBAC,Phin Banning,,,,,,,,,,,,,,,,,,,,,
14-305,TYCO Tenant Improvement,,,,CA, 441 OC ,, TI , Competitive , Engineered , Frank , Est. , CA ,8/21/2014," $51,852 ",,,,,,,,,,Lost,, $- ,,,,,,,,,,,,,,,,,,,,,,,,,,,,,,,
14-306,Department of Mental Health,Fire alarm install,2085 Rustin Ave,Riverside,CA, 440 RS ,, Fire Alarm , Select Bid List , Engineered , Ron , P.M. , CA ,8/14/2014," $114,500 ",,,,,,,,,,Awarded,80%, $- ,,,,,,,,,Red Hawk,,,,,,,,,,,,,,,,,,,,,,
14-307,SJMC Neuroscience Phase 3,TI of ex. X-ray and gowning rooms,501 S. Buena Vista St,Burbank,CA, 11 LA ," 3,490 ", Hospital , Competitive , Engineered , Rudy , Est. , CA ,8/20/2014," $75,530 ",,,,,,,,,,Lost,, $- ,,,,,,,,,,,,,,,,,,,,,,,,,,,,,,,
14-308,CSMC 310 San Vicente TI Ph. 1,"Partial TI on levels 1, 2 and 3",310 San Vicenter,Los Angeles,CA, 11 LA ," 3,990 ", Hospital , Competitive , Engineered , Rudy , Est. , CA ,8/20/2014," $82,865 "," $7,650 ",,,,,,,,,Lost,, $- ,,,,,,,,,,,,,,,,,,,,,,,,,,,,,,,
14-309,Hoag Directional Cannisters,Provide power for eleectrified signs,1 Hoag Dr.,Newport Beach,CA, 441 OC ,, Hospital , Competitive , Engineered , Rudy , Est. , CA ,8/22/2014," $7,975 ",,,,,,,,,,Awarded,, $- ,,,,,,,,,,,,,,,,,,,,,,,,,,,,,,,
14-310,OCC District Office insta hot power,Replace whips for insta hot,1370 Adams,Costa Mesa,CA, 441 OC ,, TI , Select Bid List , Design/Build , Doyle , S.P. , CA ,8/14/2014, $500 ,,,,,,,,,,Awarded,, $- ,,,,,,,,,,,,,,,,,,,,,,,,,,,,,,,
14-311,Hoag Irvine Washer circuits and new monitor budgets,Budgets for new monitor and washer,16200 Sand Canyon Ave,Irvine,CA, 441 OC ,, Hospital , Select Bid List , Design/ Assist , Doyle , S.P. , CA ,8/15/2014," $15,757 ",,,,,,,,,,Not Built,, $- ,,,,,,,,,Hoag,Eliu Sarabia,,,,,,,,,,,,,,,,,,,,,
14-312,EMC2 Lighting Repair,Replace lamps and ballast,135 Technology,Irvine,CA, 441 OC ,, TI , Select Bid List , Design/Build , Doyle , S.P. , CA ,8/15/2014," $2,247 ",,,,,,,,,,Awarded,, $- ,,,,,,,,,EMC2,Miguel Pena,,,,,,,,,,,,,,,,,,,,,
14-313,HSBC 7ht & FiG 23rd Floor,1/2 Floor TI,725 S. Figueroa St.,Los Angeles,CA, 11 LA ," 11,233 ", TI , Competitive , Engineered , Doyle , S.P. , CA ,8/25/2014," $355,992 ",,,,,,,,,,Lost,, $- ,,,,,,,,,DEB,Tracie Tran,,,,,,,,,,,,,,,,,,,,,
14-314,"Hoag Pathology Ph. 1, 2 and 3",Reconfigure pathology equipment ,1 Hoag Dr.,Newport Beach,CA, 441 OC ,, Hospital , Select Bid List , Design/Build , Rudy , Est. , CA ,8/23/2014," $45,355 ",,,,,,,,,,Awarded,, $- ,,,,,,,,,,,,,,,,,,,,,,,,,,,,,,,
14-315,Iron Mountain FA,FA conduit & boxes w/ Vesda System,6455 & 6459 Box Springs Blvd.,Riverside,CA, 440 RS ,, Fire Alarm , Select Bid List , Engineered , Steve  , Est. , CA ,8/20/2014," $46,905 "," $64,554 "," $45,732 "," $55,054 ",,,,,,,Unknown,2%, $- ,,,,,,,,,Pyro-Comm,Rick Cortina,,,,,,,,,,,,,,,,,,,,,Pyro-comm was bidding to Dan McNeff
14-316,SpaceX Machine Shop M2 Power Upgrade,New feeder and machine shop feeds,1 Rocket Road,Hawthorne,CA, 11 LA ,, Comercial , Select Bid List , Engineered , Doyle , S.P. , CA ,8/20/2014," $195,333 ",,,,,,,,,,Awarded,70%, $- ,,,,,,,,,SpaceX,Edgar Mendoza,,,,,,,,,,,,,,,,,,,,,
14-317,KBS Realty,Four floors of tenant improvements,800 Newport Center Dr.,Newport Beach,CA, 441 OC ," 41,324 ", TI , Competitive , Engineered , Steve  , Est. , CA ,8/27/2014," $425,128 "," $9,045 "," $15,746 ",,,,,,,,Lost,, $- ,,,,,,,,,Turelk,Michelle Mahon,,,,,,,,,,,,,,,,,,,,,
14-318,LMU Parking Level #1 Data Center,Pre-Action/FM Fire Alarm ,LMU ,Los Angeles,CA, 11 LA ,, Fire Alarm , Select Bid List , Engineered , Ron , P.M. , CA ,8/22/2014," $17,000 ",,,,,,,,,,Lost,, $- ,,,,,,,,,,,,,,,,,,,,,,,,,,,,,,,
14-319,"Placentia-Olinda Ifrastructure Improvements,Stage 2",Adding a 750kw gen & mech. Gear,1301 Rose Drive,Placentia,CA, 441 OC ,, Hospital , Competitive , Engineered , Rudy , P.M. , CA ,8/28/2014," $879,800 ",,,,,,,,,,Awarded,, $- ,,,,,,,,,Tiller Construction,Kerry Evert,,,,,,,,,,,,,,,,,,,,,
14-320,"Market Place Center, New Entries",Exterior Tenant Improvement,200-250 Commerce,Irvine,CA, 441 OC ,, TI , Competitive , Engineered , Frank , Est. , CA ,8/26/2014," $41,197 ",,,,,,,,,,Unknown,30%, $- ,,,,,,,,,Questar,Steve Logan,,,,,,,,,,,,,,,,,,,,,
14-321,Gallagher Suite 210 T.I.,Tenant Improvement,18201 Von Karman Avenue,Irvine,CA, 441 OC ," 2,287 ", TI , Competitive , Engineered , Frank , Est. , CA ,8/26/2014," $27,059 ",,,,,,,,,,Awarded,30%, $- ,,,,,,,,,CDG,Chris DeFazio,,,,,,,,,,,,,,,,,,,,,
14-322,HHC HB MOB Elevator Control Room,Tenant Improvement,19582 Beach Blvd.,Huntington Beach,CA, 441 OC ,, TI , Select Bid List , Engineered , Frank , Est. , CA ,8/30/2014," $19,333 ",,,,,,,,,,Awarded,30%, $- ,,,,,,,,,Hensel Phelps,Scott Mongeau,,,,,,,,,,,,,,,,,,,,,
